accession	tlen	GeneID	exon_count	chromosome	chr_accver	chr_start	chr_stop	protein_sequence	description
NP_571453.1	542	30651	14	12	NC_133187.1	9851049	9813688	>Dre_NP_571453.1_UNKNOWN MVSVEVSVALVLCCVLMGARALIDSDDVITRDEQIFLLIGARSRCERTIRAQSDVVRENNCAPEWDGIICWPTGKPNQMVAVLCPEYIYDFNHRGYAYRHCDASGNWEQVSIINRTWANYTECTTYLHTNHSDQEEVFERLYLMYTIGYSISLAALLVAVSILCYFKRLHCTRNYIHIHLFTSFICRAISIFVKDAVLYAVTNDGELEDGAVEQRPMVGCKAAVTLFLYLLATNHYWILVEGLYLHSLIFMAFLSDKNCLWALTIIGWGIPAVFVSIWVSARVSLADTQCWDISAGNLKWIYQVPILAAIVVNFFLFLNIIRVLASKLWETNTGKLDPRQQYRKLLKSTMVLMPLFGVHYMLFMALPYTDVTGLLWQIQMHYEMLFNSSQGFFVAFIYCFCNGEVQAEVKKAWLRRSLALDLKQKARVHSSAGCGSGYYGGMMSHTTTQSVCLSVSGAKGGHSLHTIGAKGQSHLQHSGNLPGYAPQDTETLFYPVVPKQKETPCRQSSRNAEESEHDFEPYFVADEEHSGSMSWKELETML	NP_571453.1          -            542 FAMILYB1             -            457  1.8e-148  497.0  15.6   1   1  1.3e-150  2.3e-148  496.7  15.6     1   429     1   434     1   460 0.93 parathyroid hormone 3 receptor precursor [Danio rerio]
XP_073793917.1	1088	101884238	30	22	NC_133197.1	22333176	22472206	>Dre_XP_073793917.1_UNKNOWN MNLLKMIYSNVILLIHLCLEKVDSKTLLSYDDFYPEYVPDRQPWNIAREVCHQRSGTLAKVSNTEEMQKLNNFLRSINIGQPVWIESAGLFQKSGSPDIYMLEFPKRPHRKSARLRYKFPNMEALTVCTHLQLDPTCHGLSTIFSYAIELFIKEFQLQARIVSNEPVQLALLVHGLNTTYITSFPNDASWHFVCASWVGNSGEWVIWVDGRMVGSGNFPNSTNHIGGDGLFMIGQDQETYGGYNNNNNALCGNITQLFMWDHLLLQTEVQSMEKTCSPVPSGLFFRWNESALEIETSLQTRRGNSPCQGSRSQPPNQILISGLNQNFSNKTCVTFDPVSGKPINDSCWTHRGSVCLVPKVQLDFDFPGTSFFSKVSSEFHSKPDTENANATFFSENELTRHISLLSAVLRVLDSNAEIITPSDLLYLTETIEKATQLNKIGIPAELFKSMIRNNLELVSRLIDPNMAEKWEDLKDHPGPLTIIENIDKQLWILADELWAEHQSFTMSTKSMDIHLEPRQLAQVSCGCVFKPSVHGGQFGSHDEIIIPESEMQRVFTLGHKEVMLIHTYYSNLAEILSRLEVKTTAEQLTDGKRHHTGQLATAVISATVRDVPRAENIPVSVQYTLSSGIQTEYSKHATPVCVFWNIGLMPGHTSAWSNKGCRVVPSPLDVTSCFCNHTTNFAVLINYMESRWSATEESVLTKLTFIGSGASLCALLVTLMLFTVLDIPKSDRTSVHKNLFVSLTCAQIVLLCSGSAVHNKVACTLVAALMHLFFMAAFSWMLVEGLLLWSKVVSVNLSEDRHMKYYYLIGWGLPVLIVTITLASASGKYTADGHCWLSVQNGVIWGFAGPVIFIIMVNIMILTRVVVITIATAKRRSLMMALNNSPEEQISEQIRAAVKAVLVLLPILGLTWLCGVLVPFSVVIAYVFSLLNSLQGLFIFLIYGVYNTEVRNTVNRFKERRKALNFSNCTSSRPSSSVGSSRPGSSPVPAGSDRQTITTSHSSGSLTHSDNNIPQSFHKTRHLSLLCVNDSLNEDLRCPDTGVHLSGQEDFKKAKARPTNECSLNVPMEAERKFHNSPLQPSNIMCLH	XP_073793917.1       -           1088 FAMILYB1             -            457   2.8e-44  153.5  10.7   1   1   2.7e-46   4.6e-44  152.8  10.7   132   431   691   981   666  1019 0.81 adhesion G protein-coupled receptor D2 isoform X1 [Danio rerio]
XP_073767207.1	921	791731	27	8	NC_133183.1	52359943	52238571	>Dre_XP_073767207.1_UNKNOWN MDLIYFSVLLMTLLSVFQVRSDMVSPSKHPGLQVLATASHYWPLDSVEGIHGLSDQIGNRTGHVNGTNITVRIHNHTVLTTHNSSSVYTNDSAYTNISATVDIVEGMVNRGIYLNGDNGATFLHFGNYKDSCISDPTLCGPAGITFSFFWKNNDDESRFAIASGGKVISSGFSVYSNPYGGYVEFYTRGDFKTWKANIELPGPYWTHVLFTWTQAEGLKVYINGTFNVGDPTGKIAPNYGDQYADLVIGTGNFGTYKQYAKGAFDEFVIWERALSPQDIWMYYKAAIGENMMSTFPTEASINVTAATDTELQRTTETPRPASTKLAVEGQKLQDPMRLQSLNLLQSLQTFSLPNKTIPQETANNLTQSLLKSVDEVITASDWRENEEWSPVVSGLVETVDKVMVHMASKLRSDPDSESPLTIGGRSSVADYSLMKIPQNHNLANYRFPTQGKSYISVPGEALTMQSQTTIVGLFYHKMHNYYKKISPLQTRINEAVDFKDHKIQMASHLISLKVEPSPALSLNLSIEPLIRIVLTHQLSKEQQLQALNQSNKVFLYCAFLDYSSKEGVWSNEGCVRADGNLSYSICLCNHLTNFAILMQVVPMKISEAHRMALSTISYIGCSISIFCLAITLVTFAVLSSVSTIRNQRYHIHANLAFAILVAQILLLISFRFTHGTLPCKIMAVLLHFFFLCAFSWMLVEGLHLYSMVIKVFGSEGSKHFYYYAIGWGCPLVICVVSMTSSLHSYGEDDNCWLSLKNGAIWAFVAPALFVILVNIGILVAVTRIISRISAENYKVHGDANSVKLTTKAVAVLLPILGISWVFGVLAVNDHSLLFQYMFAVFNSLQGFFIFLFHCLLNSEVRAAFKHKTKVWTLTSSSIRNINVKPFNSDIMNGNKGGMSPTKMNTWDKSTNSANRIDLSAV	XP_073767207.1       -            921 FAMILYB1             -            457   3.8e-44  153.1  20.2   1   1   3.7e-46   6.3e-44  152.4  20.2   129   419   593   879   543   914 0.81 adhesion G-protein coupled receptor D1 isoform X1 [Danio rerio]
XP_073763751.1	1534	101882941	26	7	NC_133182.1	78455274	78859854	>Dre_XP_073763751.1_UNKNOWN MGILQVLLLASLLETATLAFSRAPVPMAVVRRELSCESYPIELRCPGTDVIMIESANYGRTDDKICDADPAQMENTRCYLPDAYKIMSQRCNNRTQCAVVAGPDAFPDPCPGTYKYLEVQYECVPYKVEQKVFLCPGLLRGVYQSEHLFESDHQSGAWCKDPLQASDKIYYMPWAPYRTDTLTEYSSKEDFVAGRPTTTYKLPHRVDGTGFVVYDGALFFNKERTRNIVKFDLRTRIKSGEAIIASANYHDTSPYRWGGKSDIDLAVDENGLWVIYATEQNNGRIVISQLNPYTLRVEGTWDTAYDKRSASNAFMICGILYVVRSVYEDDDSEATGNKIDYIYNTELSKDGYLDILFPNAYQYIAAVDYNPRDNLLYVWNNYHVVKYSLDFGVLDNRLESSSSGIVLMDTTTTRTTTRPIISTTTSTTSTTSSTSTSSTSSTTKPPSTTPAPPPRSTTAERQPAPPADASIRSHPSSVLPNIAVEFCSSVSDSGLSWPKTRQGVTARLPCPPGTIGTAVFTCQGPEGLWDQQGPDLSNCTSTWVNIINQKIRAGEPAAIISRELSEQTKGHLHAGDVTYSVRALGHLIDLLDVQLRNLTPGGKDSAARSLNKLQKRERSCRYFVQAMVETVNNLLQPQARAAWMELSSGEQLRAATILLDTVEQGAFVLADNLLKTDVVQENTENIQLEVARMSTDGNLPDLKFPQTGGQGNAIHLSANTLKQHGRNGEIRMAFVLYKHLGSYLSTENASVKFSSETLNTNYSVIVNSPIITAAINKDSNKVYLSDPVIFTVRHIQQSEENFNPNCSFWSYSKRSMTGFWSTQDCRLLGTNRTHTTCSCTHLTNFAVLMAHVDVKTADPVHDLLLDVITWVGILLSLLCLLVCIFTFCFFRGLQSDRNTIHKNLCISLFIAETLFLTGINRADQPIACAVFAALLHFFFLSAFTWMFLEGVQLYILLVEVFESEHSRRRYFYLAGYGIPALIVAVSAAVDYRSYGTDRVCWLRLDTYFIWSFIGPATLIIMLNVIFLGIALYKMFHHTAILKPDSGCLDNINCEDYDPQMKSWVIGAIALLCLLGLTWAFGLMYVNESTVIMAYLFTIFNSLQGMFIFIFHCVLQKKVRKEYGKCLRTHCYSGKSVESSMGSVKSSSSRGPGRYSSASQVHHPPCMTNSSQLQYEQSRIRRMWNDTVRKQTESSFMAGDINSSATLNRGAMANHLIPNSLLRAHASNNPYNTLLGESAIYNNPTLSMYNAQEPYRETKGILNNARDTSAMDTLPLNGNHGNSYSLASADYMSDCVQIIDRTYNVHKETTLEKRILKELTSNYLPSYLNNHDRAAEHGRNLMNKLVNEVSNGGGVKDSPMLPVNLALGLDDSASFPPEDALGLELIREESNAPLLPPPRHIPTTFSSASSSRRRLPQENSESFFPLLTEEQTEDTPSPQRDSLYTSMPTLPDPERSDTHSLPRSGDTHTLPRTGEPDDVYYKSMPNLGSRNHLHQLHSYYQLGRGSSDGFIVPPKDELSAGEETPQEAAHMVTSL	XP_073763751.1       -           1534 FAMILYB1             -            457   2.1e-39  137.5  25.0   1   3       2.9     5e+02    1.1   0.6    23   120    70   172    39   198 0.75 adhesion G protein-coupled receptor L3-like isoform X1 [Danio rerio]
XP_021334184.1	1145	571770	35	8	NC_133183.1	62667730	62786703	>Dre_XP_021334184.1_UNKNOWN MPVWLCSLWMQDGSRLIKRSSWLKMIQRETGRDFTGRRGGNGSMCCFRSPSVLRNIYRGKYQTSDATVHANIKDSQYVKMPLLLFGVALAHAVTMGLCEPTQSWSDRTESGLLDVPDSHILLQKDAVYQLVNTSLSFRQALHYCRGQTSVLTTAGVKEDEDGAQQLLNKSNLKGPVWFQSNKRHHPTTHLERLEKTVLPGLSFKSKEGFARVNATFPPLSAASVCVRVQWDAHHENVSTVFSYAAPVFINEFQLRGQIDESSRGQTDRKVRLALLIQGQHHPYKAELSVDGNWHHVCVTWRSSDGFWAIYVDGKTADSGKRDSLQKAKDIHGDGIFILGQDQDTFGGTLTEPFVGNLTDLSVWSEALELEQVQALNTCSPLTNHRAVFRWRDWNLSIHQSVQNVSATLSCPVSPKAAQRQQEECEVLKGWSAARPQYSSAVCTHTFPFICRISTEHYLKMKELRESLRSNPSPFMQSLMQYGMTAEDVLSDAVDDQSWASVSRLLNVSEQVMLTEQKPLEDRDMVSLVHVLSRAADLPITANHSRADAETLGQSFITIADSLLSQDDHEKWQSIKEVVKGPMAVIQTVERMGINLNSLLTDDTDSVQIHSHNIKLQVQQKLLSEDPHVSAFCGSDGGNRDCISVPAKNMKELRNNDFRKVTVLNTWFSSVKCLSEKEENISLFPIVTDGSQRFVGTVLGSSVISSTVLADEQPVSVAIHFTLQHRLQNTSVKFIPVCAFWDFDLMSDGGGWSTKGCVVISTQNNSTSCYCNHTTNFALLLQIYEVQRDAVHDAGLQILSLIGSAVSLCALIFTFILFVAVGVPKSDRTTVHKNLMAALIVAQFLLILSDWAAGSQEACWLVTALLHLFFLSSFCWMLVEGLLLWSKVVSVNISEDRRMKMYYVLGWGLPVVIVAVTLVATLDQYKAQQHCWLNLQSSVIWAFAGPVLFVLAVNAVVLFRVVLVTVSSARRRAKMLTPSSDSKLHTLDLTWAATRPVLILLPVLGLTWLCGVLVHLSDVMAYLFITLNAFQGLYIFLVYAVYNSEVRNAIRRIQEKRKALSFTNCSQPISFLPSQKSPRASWVHSLQTHSSRDSSESSTPMSSCSGGGSLGYKNERFKEDSIVSFPLKAASRSQVVQLIAFKPSGC	XP_021334184.1       -           1145 FAMILYB1             -            457   2.9e-40  140.3  10.6   1   1     3e-42     5e-40  139.5  10.6   115   441   761  1087   747  1120 0.82 adhesion G protein-coupled receptor D2 isoform X1 [Danio rerio]
XP_005170997.2	1540	560631	24	1	NC_133176.1	24730703	24527422	>Dre_XP_005170997.2_UNKNOWN MALTCPRRSFSESVQRSSGSSAVMWSTCLLFFFTLFTPVTLVLSRAPVPMAVVRRELSCEGYPIELRCPGTDVIMIESANYGRTDDKICDSDPAQMENTRCYLPDAYKIMGFRCNNRTQCAVVAGPDVFPDPCPGTYKYLEVQYECVPYKVEQKVFLCPGVLRGVYQSEHLFESDHQAGSWCKDPLQSSNKIYYMPWTPYRTDTLTEYSSKEDFIAGRPTTTYKLPHRVDGTGFVVYDGALFFNKERTRNIVKFDLRTRIKSGEAIIANANYHDTSPYRWGGKSDIDLAVDENGLWVIYATEQNNGRIVVSQLNPYTLRVEGSWDTSYDKRSASNAFMICGILYVVKSVYEDDDNEALGNKIDYMYNTEKSRETHLSIPFPNSYQYIAAVDYNPRDNLLYVWNNYHVVIYSLDFGNNDNRLGFDPPSSVLLPDPLPPVRSSTTPPRPYTGTLRPSLTTTTTTTMVPPRRHNNVLPEALTRAPPSPQTPVTVDYCAPRLTAEISWPRTHQGQVAKQPCPPGTIGVATFNCLLGYWDPKGPDLSNCTSPWTNHITQRMRSGETAAIVARELAEQTKGELRPGDVPSTVKAMAQLVELLDVQLRNLTPGGKDTAARSLNKLQKRERSCRFFIQAMVETVNNLLQVRSQAAWRELSVAEQLRCATMLLDTVETGAFMLADNLLKTDTIQESTDNIQLEVARLSTDVNLADLSFPQSGLTGNSIHLSANTLKQQGRNGEIRMALVLYKNLGQYLSTENASVRLGSEAAYPNYSLIVNSPVITAAINKDSNKVYLSEPVVFTVKHIQQSEENFNPNCSFWSYSKRTMTGFWSTQDCRLLGTNRTHTSCSCTHLTNFAVLMAHVEVKKADQVHELLLDVITWVGILLSLVCLLICIFTFCFFRGLQSDRNTIHKNLCISLFIAETLFLTGINRADQPIVCAVFAALLHFFFLAAFTWMFLEGVQLYIMLVEVFESEYSRTKYFYLTGYGVPAVIVAVSAAVDYRSYGTERVCWLRLDTYFIWSFIGPATLIIMLNVIFLGIALYKMFHHTAILKPDSGCLDNIKSWVIGAIALLCLLGLTWAFGLMYINESTVIMAYLFTIFNSLQGMFIFIFHCILQKKVRKEYGRCLRTHCCSGKSVESTISTSTKTSTARTPGRYSTNSQSRIRRMWNDTVRKQSESSFITADMNSSATLNRGTMANHLISNALLRPHGTNPYNTLLGESAVYNNPTANMFNTQASYRDSKGILNNARDSSVMDTLPLNGNHGNSYGVAAGDYLTYSSRGSEPPTTLEKKILKELTANYAPSYLNTQERQGKAHQGTLTNKLNNHLANGGVAGSSSIPKDDVMVLDNPGAFHRHDDGGGLSLELIREESQAPLLPPRPPPPENHAPLHTFTAHRRLPQENSESFFPLLPNDTHSSHTHTPRAHTHSPLRDSLYTSMPTLTDLPHGTDDLINGLHDDEDEEEEEDGEEEEGSELHLANGKGVIMESDDVYYKSMPNLGSRNHIQELESYYQMGRGGSDGFIAPPEKEDSSPEEQPPDPSQLVTSL	XP_005170997.2       -           1540 FAMILYB1             -            457   1.5e-38  134.6  20.6   1   3       4.2   7.1e+02    0.6   0.4    68   121   145   196    98   221 0.82 adhesion G protein-coupled receptor L3 isoform X1 [Danio rerio]
XP_073772399.1	1500	57987	27	11	NC_133186.1	7596972	7878974	>Dre_XP_073772399.1_UNKNOWN MWKAESPVRARMGCSEWKSLVLCGLVFVLTVVQSSDGFSRAAMPFGLVRRELSCEGYPIDLRCPGSDVIMIETANYGRTDDKICDADPFQMENINCYLPDAFKIMSQRCNNRTQCIVITGPDVFPDPCPGTYKYLEVQYECVPYIFVCPGTLKAVGDPSFLYEAEQQAGSWCKDPLQAGDKVYFMPWTPYRTDTLIEYNSLDDFQNSRQTTTYKLPHRVDGTGFVVYDGAVFFNKERTRNIVKFDLRTRIKSGEAIINNANYHDTSPYKWGGKTDIDLAVDENGLWVIYATEQNNGMMVISQLNPYTLRFEATWETTYDKRSASNAFMICGVLYVVRSTYEDNESEVSKSLIDYMYNTKLNHGEYVDIHFPNQYQYIAAVEYNPRDNQLYVWNNFYILRYNLVFGPPDPAHAPPISEASTSPKVLKPTTTTTTTTQPKGQVTTITTTGTRAVNKTPKSPPVLPQTTTPPSLESFPPPERFCESVELRDILWPQTQRGMLVERPCPKGTRGTASYLCVLSTGTWNPKGPDLSNCTSHWVNQVAQKIRSGENAANLANELAKHTKGAIFAGDISSTMRLMEQLVDILDAQLQELRPSEKDSTGRSFNKLQKRERTCRAYMKAIVDTVDNLLRPEALKSWRDMNTTEQTHAATMLLDTLEEGAFVLADNLMEPAIVKVPASNIILDVYVLSTDGQVQDFRFPQSGRGGISIQLSSNTVKLNSRNGVAKLVFALYKNLGQFLSTENATMKLGQEVNGRNLSVAVNSDVIAASINKESSRVFISEPVIFTLEHIDMQHYYNSNCSFWNYSERTMMGYWSTQGCKLIHANKSHTTCSCSHLTNFAVLMAHRELLGADKVQELLLSVISRVGIVVSLICLAMSIFTFCFFRGLQSDRNTIHKNLCINLFIAELIFLIGIDMTEPKLACSIIAGILHYFFLASFAWMCLEGVQLYLMLVEVFESEYSRRKYFYMAGYLLPAVVVGVSAAVDFRSYGTKKACWLRMDNHFIWSFIGPVTFIIMLNLIFLLITMYKMMKHSTSLKPDSSRLEHINYEDNKPFIKSWVMGGFALLCLLGLTWSFGLFFISESSVVLAYLFTIFNTFQGMFIFTFHCLLQKKVRREYSKCLRHTYCCSRITTESSHSSTKTSTTRTSARYSSGTQSRIRRMWNDTVRKQSESSFISGDINSTSTLNQGKTKHKTISEPLEGMTGNYLLTNPLLRPQGTNNPYNTLLAETIVCNTPTVPVFHSPVTYRETRHSVTSGRDTNTFGTLPLNGNFNNSYSLHNYSDGMQVVDCGLSLNDTAFEKMIISELVHNNLRAAESRIGTKKGAGISRGEEPVVAETSSLVQVGGDSEMERLGLHHTHPRTLEAPLIPQRTHSLLYHTQERARPEAEASHPQSYIGQLPPPAETALPSPNRDSVYTSMPNLRDSPFSESSLDIVQDLSPSKNSPNEDVYYKSMPNLGSGQQLHAYYQMSRDSSEGLIIPVSKDACVPEGDVREGQMQLVTSL	XP_073772399.1       -           1500 FAMILYB1             -            457   2.5e-37  130.6  22.0   1   2      0.13        21    5.6   0.0    57   123   478   534   454   582 0.69 adhesion G protein-coupled receptor L2 isoform X1 [Danio rerio]
XP_073767727.1	1467	110437953	23	2	NC_133177.1	1842503	2071159	>Dre_XP_073767727.1_UNKNOWN MASSLWKRSLVLALLLTVIFLQPSEGFSRAALPFGLVRRELSCEGYPIDLRCPGSDVIMIETANYGRTDNKICDADPFQMDNINCYLPDAYKIVSQRCNNRTQCVVNTGSDVFPDPCPGTYKYLEVQYECVPYIFICPGTLKAVGDPTLEFEAEQQSGAWCKDPLQAGDKIYFMPWTPYRTDTLIEYASLDDLRSGRQTTTYKLPHRVDGTGFVAYDGAIFFNKERTRNIVKFDLRTRIKSGEAIVASANYHDTSPYRWGGKTDIDLAVDERGLWVIYATEQNNGRIVLSQLNPYTLRFEATWETVYDKRSASNAFMVCGVLHVVRSTYEENESEASKSQIDYVYNTKLGQGEYVNILFPNKYQYIAAVDYNPRDNQLYVWNNFYILRYNLEFGPPDPDEEPTVSDDATSTLPPRRSTPAVLKTTLSLSFTQRPSLNSSISTDPLTEEHPEPPADPTAAASVPPASRRFCEPTEKRGISWPKTHRGLTVERPCPRGTRGIALFLCLTGGVWNPKGPDLSNCTSHWVAQVAQKIRSGENAASLANELAHHTQGSVFAGDVSSSVRLMEQLVDILDAQLQELKPDQKDSPGRSFNKRQKRERTCRAYMKAIVDTVDNLLRPEALKSWEDMNSTEQTHAATMLLDTLEEGAFVLADNLIEPAVVRMPAENIMLDVYVLSTDGQIQDFRFPQTSKRGATIQLSANMVKLNSKNGVAKLVFVLYKHLGHFLSTENATVRLMGDGGLRNHTLTVNSHILSASINKESSRVFVSEPVIFTLEHLDTENYFNPNCSFWNYSERSMSGYWSTQGCKLLSTNKTHTTCSCSHLTNFAILMVHRDSHAGEGSVHELLLTVITRLGIAVSLVCLAISIFTFCFFRGLQSDRNTIHKNLCINLFIAELLFLVGINMTEPPIVCSVIAGVLHFFFLAAFSWMCLEGVQLFLMLVEVFESEFSRRKYYYASGYLFPCVVVGISAAIDYKSYGTKKACWLRVDNHFIWSFIGPVTFIILLNLIFLVVTMYKMVKHSMSMKPDSSRLESIRSWVFGAFALLCLLCLTWSFGLLFLNDSSVIMAYLFSIFNTLQGMFIFVFHCLLQKKVRKEYSKCFRQSQCCRTHPSEGPHSVNKSSASRSTARYSSATQSRIRRMWNDTVRKQSESSFISGDINSTSTLNQGMTGNYLLTNPLLRPHDTNNRYNNLLAETIVCSTPSPPAFHSPGQRSLSNSRDVSTMDTLPLNDNFNNSYSLREDDYEDPAITCPTGCEIRLDDAAFEKMIISELVHNNLRPRRNQSSSKCQADRNSSPQENCADIDEGVGDRNECENAETDTSAMPLSSCHPAMELLLLNPNHREALEVPLLPQRTHSLIYASQKVIRPHKISRDTQQDEGEVKKEDDSSPNNRDSLYTSMPNLKDSDLVIGEEENSPCSSAQSETQEQCCKSLPDLGDGTPAMSYYQISASLSLEAESANDGQMQLITSL	XP_073767727.1       -           1467 FAMILYB1             -            457   3.3e-37  130.2  18.8   1   2     0.014       2.4    8.7   0.0    53   110   463   515   437   565 0.79 adhesion G protein-coupled receptor L2b.1 isoform X1 [Danio rerio]
XP_073801131.1	710	100538283	24	3	NC_133178.1	54976959	55033213	>Dre_XP_073801131.1_UNKNOWN MNSSCEALKQNKIQNGEKLLEEFLSALDGLLQNNDQLDNKKASAVFSIVESMLKLIGLMLPSSQTKRSTTRSDVELLVKRNSTPPGGRFMVSSNGTWFTSHWDTATGKEYMDTNECVNTSINCGGNAECVNSQGGYACKCKSGYVSSSGKETFTVGQGVQCVEFNYEIFKKKITAFEAANPELAELVFLMNSSCEALKQNKIQNGEKLLEEFLSALDGLLQNNDQLDNKKASAVFSIVESMLKLIGLMLPSSQTKRSTTRSDVELLVKRNSTPPGGRFMVSSNGTWFTSHWDTATGKEYMGFSTVALLSYTGLEESLSRYFNHLEKQEKQTFKINSEIVTATVSNEDTANLEKPVNFTFSHLKKENVNHICVFWDHDLDGGAWSTRNCSTVRSTADETICSCSHLSSFAVLMALYDIGDVYELRLISWVGLSLSLVCLLICIITFYAVRSIQSTRNTIHMHLCISLFIAYFVFLVGITRTENKVGCSVVAGVLHYFFLASFCWMCLEGVQLFRMVVLVFNTTLRHVYMFAAGYGVPALIVAISASVNASGYGTPNYCWLNIDDGFIWSFYGPVCIIIVVNVFFFLITIWKLAEKFSSLNPDLDNLRKIKAFTVTAIAQLCVLGIMWVFGCFQFDSTSLAMSYIFTILGSLQGVLMFIMHCWLSKQVRDEYAKFLSCICAPQKRKYSEFSSNQTSKSQASKSVQHTGESQI	XP_073801131.1       -            710 FAMILYB1             -            457   6.1e-37  129.3  21.0   1   1   3.6e-39   6.1e-37  129.3  21.0   112   439   390   705   346   710 0.81 adhesion G protein-coupled receptor E5 isoform X1 [Danio rerio]
XP_073801064.1	1524	562531	26	3	NC_133178.1	48954427	48576628	>Dre_XP_073801064.1_UNKNOWN MALALWILFTCTIALSHVRPSAQALSRSAMPFGLMRRELACEGYPIELRCPGSDVIMIETANYGRTDDKICDADPFQMENVQCYLPDAFKIMSQRCNNRTQCVVVAGSDVFPDPCPGTYKYLEIQYECVPYKVDQKVFVCPGTLLRVQAASLLQEAEHQSGAWCKDPLQSGDRLYVMPWTPYRTDMLYEYASWEDFKQNRATTTYKLPNRVDGTGFVVYDGAVFYNKERTRNIVKYDLRTRIKSGEAIVNNANYHDTSPYRWGGKSDIDLAVDENGLWVIYATEANNGRLVVSQVNPYTLRFEGTWETSFDKRLASNAFMACGVLYAVRSVYQDDDSEAGGDLVLYAYNTNRAREEPVHIPFPNPYQYVSSVDYNPRDNQLYVWNNYNVLRYPLEFGPPDPTAGPPVTTQMSSSTTTAARPITSTSLPSTIRPLPPTAHPIGAINKAPDLRPITATVPVTRRPLRVPPQGPEIEVCESRVARGVQWPATQKGETVDRPCPKGSLGIASFQCLSSPVLWNPRGPDLSNCTSPWVNQVAQKIKSGENAANIAAELVNHTQGRIHAGDVSSSVRLIEQLLDILDAQLQALRPGNKESAARNYNKWQKRERTCRAYVQAVVQTVDNLLRAEALESWQDMNSTEQAHTATMLLDVMEKGAFLLANNMYNNHFSDHAANVDLEVRVLNTETDSQDLSFPQSGPSDSSIQLSASTFKQYSRNGQVKVVFVLYKNLGSFLSTENATVKMEMEAGIGGRGLAVNSHVIAASINKESSRVFLTEPVVFTLRHLQLENHFSPNCSFWNYSERSMTGQWSSQGCRLIETNSTHTTCSCSHLTNFAVLMVHHEPDYPGRMHELILFVITWVGIVISLVCLAICISTFCFLRGLQTDRNTIHKNLCINLFIAELLFLIGIDKTQYHIACPIFAGLLHFFFLAAFSWMCLEGIQLYLMLVEVFESEYSRKKYYYLCGYCFPALVVGISAAIDYRSYGTKKACWLRVDNYFIWSFIGPVSFIIMLNLVFLMITLHKMIRNSSALKPDSSRLDNIKSWALGAIALLFLLGLTWAFGLLFINENTVIMAYLFTTFNAFQGMFIFIFHCALQKKVHKEYSKCLRHSYCCSRTSTTSSHGSLKNSALRTNNRYYTGSQTRHAAVHRQSRIRRMWNDTVRKQTESSFMAGDINSTPTLNRGTMGNHLLTNPVLQTRTGSSPYNTLLAETFTPPSPGVFNSTGTFRDPKSTLSKNRDHGGMETLPLNGNFNNSYSLRSVGGSGAPGGSCDFLGGGGGDSPPPLLNPRGSETLGGIRRNLSDAAAFEKMIISELVHNNLRGGGGVGGGDRTCGSLARGHGHLGMGRAGGGVEPVIGMEDDEDFRSREARQRTPQDVELLYKALEEPLLLQRAQSVLYQSDPDESESYTADLTESLGHSGHSAQSAAGQGHSGPPDSPARDSLYTSITNLRDSPYPDSSPEPLEVVPRSAQPPEELYYSSGRPAIGSRGAPMQTFYQAPPRRPSTEAHPAPEAPHSEGDGQMQLVTSL	XP_073801064.1       -           1524 FAMILYB1             -            457   1.3e-32  115.1  22.9   1   2      0.84   1.4e+02    2.9   0.1    58    85   474   501   463   511 0.85 adhesion G protein-coupled receptor L1 isoform X1 [Danio rerio]
XP_001920772.2	3006	556520	35	25	NC_133200.1	21005603	21119234	>Dre_XP_001920772.2_UNKNOWN MELPVIWMCFGLLLHLSPFGCLDLHLSETLKPGANLANVSIGPEWTYRIDRSLTDKSFRHFLKIGRSDGLLLLARKFDCARLPRNPVPMYLRIKPQLSENFILLHFNTFVHGQNCYIKYKRKNLTPDAYMYVVTGYDSCLSLDSLPINIYESLPVSMRNSQMFRGRCVEKTQRRVSPLTNRCLPHNQRDEANLICLMPNSVNSSLYVDVKLHLNRKYTGSDFDPWAKRQKRNVNSAPQFQLPNYQVSVPENEPSGTRVITLKAFDADDGDAGVVVYDMEALFDSRSNNLFQINPETGGITTLQPLDREVKDTHVFKVTATDKGIPKRSAIAYLTITVSDTNDHSPVFEQNEYRVNVRENVEVGFEVMTIRATDGDAPSNANMIYKIVNDDEVNSCFEIDPRNGLVRTKVRPDREVKSQYKLFVEANDQGREPGPRTATATVHIFIEDENDNYPQFSEKRYVVQVSENIAVNTQVAVVKATDKDAGNNAKVHYSIINGNIKGQFYIHSPTGVIDVVSPLDYEMIREYTLRVKAQDGGRPPLINGTGMVVIQVVDVNDNAPMFVSTPFQASVLENVPIGYSVIHIQAIDADSGDNAHLEYKLTDTSPGFPFVINNSTGWVTVSAELDRETTEFYSFGVEARDHGVPTMSSSASVSVTILDVNDNVPTFTQHLYNLKVNEDAVVGTSVLTVSAVDRDVNSVVTYQISSGNTRNRFAISSQSGGGLITLALPLDYKQERQYLLTITASDGTRHDTTQVFINVTDANTHRPVFQSANYQVLVSEDRPVGSTVVVISATDEDTGENARITYVMEDNVPQFRIDPDTGAITTQIEIDYEDQASYTLAIIARDNGIPQKSDTTYVEIIVLDANDNVPQFLRDIYQGTVFEDAPVYTSVLQVSASDRDSGSNGRLSYTFQGGDDGEGDFFIEPYSGIIRTARKLDRENVALYTLKAFAVDKGVPPLKAAVDIQVSVLDINDNAPVFEKDELYIYVEENSAVGSTLARVSATDPDEGTNAQILYQIVEGNFPEVFQLDIFSGDLIALTDLDYETKMEYVIVVQATSAPLVSRATVHVLLVDVNDNDPVLQDFEIIFNNYITNKSSSFPNGVIGKVPARDPDVSDKLIYTFVEGNELGLLILNQDTGELKLSKDLDNNRPLEALMRVTVSDGLHQVSALCTLRVTIITDDMLTNSITVRLENMSQERFLSPLLSLFAEGVAAVLSTSPDGIFIFNVQNDTDVSGSILNVTFSALLPGGAPGRYFPSEELQEQLYLNRTLLMLISTQRVLPFDDNICLREPCENYMKCVAVLKFDSTAPFVASNTVLFRPIHPVNGLRCRCPDGFTGDYCETEVDLCYSGPCQNNGKCRSKEGGYTCECPQDFTGERCEVNARSGRCVPGVCKNGGRCLDLLVGGFMCQCPDGEYEKPYCQMSTRSFPGQSFITFRGLRQRFHFTLSFMFATRERNALLLYNGRFNEKHDFIAIEIVKEQIQLTFSAGESKTTVTPFVAGGVSDGQWHTIHLHYYNKPNIGRLGVPHGPSQEKVAVVALDDCDVAMALRFGGQIGNYSCAARGTQTGQKKSLDLTGPLLVGGVPNLPEDFPVQNRDFVGCIKNLTIDSKPIDMANFISDNGTAAGCAAKRDFCSQAVCQNGGVCVNRWNTHTCNCPLGYGGKNCEHVMPAPLHFDGHALVSWSDTDITIAIPWYMGLMFRTRKSTGVILQATAGEFSKINLMVTNRHLRFQVFLGNRRVALLDFPQVYVDNGEWHHVLVELKSGKDGKDIKYMALVSLDYGMFQRTVEIGNELPGLKLRNLFIGGLLKKDDTVQGGFNGCMQGVRMGETSTNIANINIRHAKRIHAKDGCNVPDACLANLCPSHSHCTDNWTSHTCVCQPGYFGRDCVDACLLNPCEHTSSCVRKPSTKRGYSCDCGHNYYGQYCEHKGDQPCAHGWWGNPTCGPCNCDLSKGFKRDCNKTTGECSCKDNYFRPLGGDTCYPCDCFHLGSHSRVCDPVTGQCSCKTGVVGRQCNRCDNPFAEVTVTGCVVVYDGCPKAFEEGIWWPRTMFGGPAATNCPKGSSGTAIRHCSDDKGWFPSELFNCTSLSFSKLKKASEDLYANASRMDGERSRSLASLLQSATGHTYRLFGNDVRTAYHLLASVLEHESLQQGFELTATHDTDFNRNIIKAGSAILDPLNQEHWEKIQRSDGGTANLLHQFEEYANTLVQNVRKTYLRPFTIITDNIIVALDFLDSTASQEKIPRFQEVKEVFSKEMECSVLFPNLLMSKKSKDALSTDPPSQINSTVSVMSMDGSDVVDLIPSIKKRSHAEQPDPPAAVMVMIYRSLGHLLPESYDPDRRSLRLPNRPVINTPIVSVVVHKDGEPLLSPLQRPILLNFRLLETQERTKPVCVYWNHSIMVAGGGAWSSKGCELVFRNSTHISCQCSHMSSFAILMDISKREHGDVLPLKVVTYTTVSASLVALLITFLLLAILRKLRSNLHSIHKNLVASIFLSEFIFLTGINQTDSPFVCTVVAILLHYSYMCAFAWMFVEGLHIYRMLTEMRNINQGHMRFYYAIGWGIPAIITGLAVGLDPQGYGNPDFCWLSVYDTLIWSITGPISIVVLINIVLIVLAAKASCGRRQRTEKSGAISALRVAFLLLLLISATWLLGLMAVNSDVLSFHYLFAILSCLQGICIFFFHCILNKDVRRNLKSVFTGKNIPAEDPSVTRATLLTRSLNGDVYMEDGGLYRTTIGESSVSLQSSVRSGKSHGSSYLASTFREKKRSISSNGGHVGHDEVDSTLFFHKSKKKEDSDSDSELSADEHSSSYASSHSSDSEDEERHSKTKWNNERTPIHSTPKVDGVSGHGKPYWPEEMPTASESEDMVRPEKLRVETKVNVELHQGNKLNHNGDLSQSEGPPSQPNSNQLPRRGILKNKITYPPPLTDKNMKNLLREKLSDYNPPQISRKTPSPGSNEGLHSGPETPSIIIKPPPVPPKPALNGLTLDLTTRPVTLADDDFHSDGSNETSI	XP_001920772.2       -           3006 FAMILYB1             -            457   3.2e-31  110.5  21.3   1   2     0.087        15    6.1   1.3    58   127  2031  2095  2001  2120 0.81 cadherin EGF LAG seven-pass G-type receptor 1 [Danio rerio]
XP_005160275.1	756	792970	19	1	NC_133176.1	61857622	61842893	>Dre_XP_005160275.1_UNKNOWN MELKWAFILGLFLPSCSGCALGYKFVKRKCVDEDECETPGMCGDAQCVNTDGSYYCTCAAGFKMSQTGPCKDINECLEDELICPAQMRCENTFGSYVCVCPTGHQWKNEAECEDEDECLSSPCGLHRSCFNTPGSFVCKCSPGFRELEGGMCADINECSESPDVCGTNGDCINNPGGFSCRCHQGFTNYGNNQSKCIEMSCDQFKPEPDAGNTPEKLKHLMSLLMNSCKSLNDPHGEHFTAEKLLENLCNSTDDLLSEGNVADGETLSVFLDAVENSMRLIGPQLKDPVTKMETQNTYAEVAVTRNQTPPSGSVTLSTGSAHFNTSWETVVGKSYPGFAFVALVSYKDMNSSSDLFNSMAREKSDVKEKQITYKLNSKVVTAVVSNPDTKHLSKPVTLIFTHEEKRAESEGVAYSCVYWSESERGWSGRGCELAWSNSTHTACSCSHLSSFAVLMALYPVEDTFELVVITRVGLVLSLICLILCILTFRFCRSIQGTRNSIHLHLSVCLFIADLVFLCGISSTHNQVACAIVAGLLHFFFLSAFCWMLLEGVQLYRMVVLVFHTTLKHLYMYAVGYGVPLVIVSISAIAVPKGYGTDRHCWLSLEGYLILSFFIPVCIIVILNITVFIITVWKLALKFSSLNPDLSKLHKIRSFLATAVAQLCVLGGSWVFGFFLFQKNGTEVMLYLFIILNSLQGALIFIMHCLLSKQVRVEYRSLFMRMCSNKKKGDYSVSSTEPSHSSQKPLQIDQSTGESTI	XP_005160275.1       -            756 FAMILYB1             -            457   7.3e-31  109.3  20.1   1   1   4.4e-33   7.3e-31  109.3  20.1   136   432   461   743   423   755 0.84 adhesion G protein-coupled receptor E3 isoform X1 [Danio rerio]
XP_009298735.2	3045	368436	36	4	NC_133179.1	30104175	29962435	>Dre_XP_009298735.2_UNKNOWN MDLVMCWLLWVHLLLCAPLMGCFDLHLSETLHSGAVLANLSLGPGWTYKIDWTLTSKYIGNFIKVDWRDGVVRLNGEVDCARAPHSALPLYFKIKSLTTEGLVKTHFNVFLHGQNCVFKFKRKRETKPDINVDYIYNSGLTSCLSPGDLLIHFEDYLPVFTRNSAVFASSCTSDQLNVFVRNGTLLVKDAYCLETNLGRFKSTIRCSFLDSKGEPFFVCLKLRFTSDQTSLSYVTNPRKQRIKRAANSVPQFQLSNYQVSVPENEPAGTRVITLKATVSDPGEAGKIEYGMEALFDSRSNDFFRIDPQTGSIETAQPLDREVKDTHVFKVTASVAGFAKRAATSYLTITVSDTNDHGPVFEQNEYRVRIRENVEVGFEVITVRATDGDAPSNANMIYRIMNEEGVNSGFEIDSWNGLVKIKVRPDRETMAQYQLIVEASDQGKEPGPRSATATVHITVEDENDNYPQFSEKRYVVQVPENVAVNTKVAQVEATDRDEGNNARVHYSIISGNVKGQFFIHTPTGAIDVINPLDYETIREYNLRIKAQDGGRPPLINGTGVVVVQVVDVNDNAPMFVSTPFQATVLENVPIGYSVIHIQAIDSDSGENARLDYSLTDTTPGFPFSINNSTGWITVSDELDRESTEFYTFGVEARDNGVPVMSSSASVSITVLDVNDNIPTFTEKMYSLKINEDAVVGTSVLTVTALDRDVNSVVTYQISSGNTRNRFAITSQSGGGLITLALPLDYKQERQYVLTITASDGTRFDTAQVFINVTDANTHRPVFQNANYHQTFSEDQPIGSTVVVISATDEDTGENARITYIMEDNVPQFKIDPDSGAITTQMEIDYEDQASYTLAIIARDNGIPQKSDTTYVEIIILDANDNSPRFGRDKYQGTVFEDAPIYTSVLQISASDRDSGSNGRVSYTFQGGDDGEGDFMIEQYSGIIRTHRKLDRENVPVYNLRAYAVDRGVPPLKAAVEIQVSVLDINDNAPVFEKDELYIDVKENSPVDSVVARITAMDPDEGTNAQILYQIVEGNIPEVFDLDIFTGDLKALVDLDYETQKEYVIVVQATSAPLVSRATVHVRLIDVNDNDPVLQNFEIIFNNYVTNKSNSFPSGIIGKVPAHDPDVSDKLKYSFIEGNELSLLILNPDTGELKLSKDLDNNRPLEATMKVSVTDGIHQVTAFCTLRVTIITDEMLTNSITVRLENMSQERFLSPLLSLFVKGVAAVLSTSREGVFIFNVQNDTDVSGNILNVTFSALLPGGVPDRYFPSEELQEQIYLNRTLLQEISSQNVLPFDDNICLREPCENYMKCVSVLKFDSSPPFIASDTVLFRPIHPINGLRCRCPAGFTGDYCETEIDLCYSGPCRNNGRCRSREGGYTCECLEDFTGENCEVDSRSGRCVPGVCKNGGECVNLLVGGFTCNCPSGEYEKPFCEMTTRSFPGQSFITFRGLRQRFHFTVSFMFATRERNALLLYNGRFNEKHDFIAVEIIEEQIQLTFSAGESKTTVAPFVPGGVSDGQWHSVQLHYYNKDSLHLLDSSGVLSVHLYTAWLELTHKEPKISHLGLPQGPSGEKVAVVAVDDCDIAMAVRFGTQIGNYSCAAQGTQTGQKKSLDLTGPLLLGGVPNLPEDFPIRNRDFVGCMRNLTIDSKSVDMASYIANNGTTEGCPAKKNFCYEGLCQHGAQCENKWNTHFCECPEGRGGKNCDQDMPSRQHFDGHAMMLWNDPDMTIAVPWYIALMFRTRQTSQTATLMQVNAGDTSQINLLIRDKYVQFEVLLGEQKVAVLDFTDVRVNDGEWHHLLVELRSSKDGKDTKYMAQVFLDYDMFKKSVEIGNELPGLKLKSFFIGGLQGQRDIVQQGFKGCMQGLRMGETATSTANINMHHAQKIRVEDGCDMSENCDAINCPENSQCTDEHTCTCDPGFFGRDCVDACHLNPCEHLSTCVRKPSSSHGYTCECSQDYYGQYCENKVEKPCPRGWWGNPMCGPCNCDVSKGFNPDCNKTTGECRCKDNYYQPKDSDTCFPCDCFHLGANSRTCDPETGQCPCKAGVIGRQCNRCDNPFSEVTSTGCEVGYEGCPKAFDSGIWWPRTNFGFPVAMNCPKGSIGTAVRHCNDEKGWLPPELFNCTTITFSHLKKMNDDLHRNESLMDGQKSRDIARMLHNATDQTSSFYGNDVKTTYHLLSSILRYESQQQGFNLAAMRDAKFNENLVKAGSAILDASNKEHWDQIQRTEGGTANLLKHFEEYANTLAQNMRKTYLKPFIIVTENMVFAVDYLVTYPDATKVPNFQTTDQECPKDLKSSVLFPEFSFKSSEHKVSPTDDPEFQINSDEEEKQATNKRKRHVETIPPFPVASVIIYKTLGQFLPEHYDPDRRSLRVPNRPVINTPIVSATVYSEGQPLHIPLERPITLDYNLLETEERTKPVCVFWNHSITVGGAGAWSSKGCDIISRNHTHISCQCNHMTSFAVLMDISKREHGDVLPLKIVTYTTVSASLLALFITFILLAILHKLRSNLHSIHKNLVAALFFSELVFLIGINQTDNPFVCTVIAILLHYFYMCTFAWTFVEGLHIYRMLTEVRNINHGHMRFYYAIGWGIPAIITGLAVGLDPQGYGNPDFCWLSVHDTLIWSFAGPIAVVVLVNIVIFVMAAKASCGRRQRSYEKSGVTPALRMAFLLLLLISATWLLGLMAVNSDVMTFHYLFAIFSCLQGVFIFFFHIVFNKEVRKNLKNVFTGKKQLPDESSTTRTTLLTRTLNCNNTYMEDGALFRSAIGESTVSLESTVRSAKSHSSYFTYTHRDELGQKPSVSGNAKAGLTDIDGSLFRNGTKADDSDSDSELSVDEHSSSYASSHSSDSEDEDIDMQPKWNNERQPLHSTPKGTKEVDTVSNHVKPYWPTEAMTASDSEDPGGAERLRVETKVNVELHQENKLNHIGESTQDKEQPTPAIQANSNHQPEQRKGILKNKITYPPPLTDKNMKNKLREKLSDYNPPTISSRAPSITSNDGGNGHNVLIKPPRPPVPPREHLNGMAMNLKSATVNGGNQSDSEKPKEPLPS	XP_009298735.2       -           3045 FAMILYB1             -            457   1.8e-30  108.0  25.5   1   2     0.036       6.1    7.4   4.3    42   128  2051  2135  2027  2158 0.80 cadherin EGF LAG seven-pass G-type receptor 1 isoform X1 [Danio rerio]
XP_005171094.1	761	100536657	18	1	NC_133176.1	61944355	61913020	>Dre_XP_005171094.1_UNKNOWN MELKWALLLLGFFLRSCESEGCPIGLQKNRTCVDVNECDTAGVCGNNSLCINTHGSYYCTCIEGFYSTPPNFTADTGQCEDINECVQNVTRCSGDMECKNIDGSYKCVCKDGYRETRLDSACADECVFSPCGLHSSCFNTLGSFFCNCSSGFEKLENGTCGDIDECTDKSHICDKNSECNNIPGSYICKCHRGFTNYGNNQSKCIEMNCDNFKTETEAEEMPIKLKELLSQLRSSCEALVTPDGERKTGEQLMENLFTSTDDLLSAGSVGDGETLSVLLDTVENSMRLICPQLKEPVMRMETHNTYAEVAVTRNQTPPSGSVILSTGSALFNTSWETVVGKSYPGFAFVSLVSYKDMNSSSNLFRNVSRKKSDMEENVTHKLNSKVVTVVVSNPDTKHLSEPVSLIFTHVEERAESKAVAYNCVYWAESERAWSRQGCERAWSNSTHTECSCSHLSSFAVLMSLYPVQDTFELVLITRVGLVLSLLCLFLCILTFRFCRSIQGTRNSIHLHLSVCLFIADLVFLCGISSTHNQVACAIVAGLLHFFFLSAFCWMLLEGVQLYRMVVLVFHTTLKHLYMYAVGYGVPLVIVSISAIAFPKGYGTDRHCWLSLKYDFIWSFLAPVCLIIGLNSLVFVITVWKLAEKFSSLNPDLSKLRTIRGFTVTAVAQLCVLGGMWIFGSFLFYEKVTQVALYLFVILNSLQGALIFIMHCLLSRQVREEYCKLITRICSLKKKKYSEFSTSNHSSQQPLRSDQTSGESKI	XP_005171094.1       -            761 FAMILYB1             -            457   1.3e-29  105.2  20.7   1   1   7.4e-32   1.3e-29  105.2  20.7   112   432   438   749   408   760 0.81 adhesion G protein-coupled receptor E5 isoform X1 [Danio rerio]
XP_005160278.1	693	101882660	19	1	NC_133176.1	61872075	61859504	>Dre_XP_005160278.1_UNKNOWN MEPKWALLLGFILSFRSFTTEGSSYTSDKGLSSVIPAVCHGVQCNNGPTTASADPDLEISGDTDSEISGDSDLEISSQPYLTMSTQASLDITASSFPAHRQDVIRATQTSETTSQNAFVSPKGAAEQTEIECDQFKSKPDEDHTPEKLNQMMSLLKDSCESLNDPVEKHFNAEELLENLCNSTDDLLLEGKVADGENLSVFLDMVENSMRLIGPQLKDPVTKMETQNTYAEVALTRNQTPPSGSVTLSTDSALFSTSWETVVGKAYSGFAFVALFSYKDMNSSSDLSHKTSRTLQEDSRKRLHVDEKKITYQLNSKVVTAVVSNPDTKKLSDLMMLTFTHEEERAESGGVAYTCVYWNESEKVWSGRGCVKEWSNSTHTVCHWSHLSSFAVLMALYPVQDTFASVLITRVGLVLSLLCLFLCILTFRFCRSIQGTRNSIHLHLSVCLFIADLVFLCGISSTHNQVACAIVAGLLHFFFLSAFCWMLLEGVQLYRMVVLVFHTTLKHLYLYAVGYGVPLVIVSISAITFPKGYGTNKHCWLSLEGYLILSFFAPVCIIVILNIIVFIITVWKLALKFSSLNPDLSKLHKIRSFLATAVAQLCVLGGSWVFGFFLFQKNGTEVMLYLFIILNSLQGALIFIMHCLLSKQVRVEYHSLFVRMCPYKKKGDYSVSTEPSHSSQKRLQSDQSTGESQL	XP_005160278.1       -            693 FAMILYB1             -            457   1.5e-29  104.9  22.9   1   1   1.6e-31   2.7e-29  104.1  22.9   140   436   403   684   364   692 0.84 adhesion G protein-coupled receptor E5 isoform X1 [Danio rerio]
XP_073764537.1	1497	101884937	26	1	NC_133176.1	62051851	62110188	>Dre_XP_073764537.1_UNKNOWN MALSLWLLWMCPVLLSNIAPSEQGLSRAAMPFGLMRRELACEGYPIELRCPGSDVIMIETANYGRTDDKICDADPFQMENVQCYQPDAFKIMSHRCNNRTQCVVVAGADVFPDPCPGTYKYLEIQYECVPYKVDQKVFVCPGTLVRVLEPSSVREAEHQSGAWCKDPLQAGDRLYVMPWTPYRTDMLYEYASWDDYIQNRVTTTYKLPSRVDGTGFVVYDGAVFYNKERTRNIVKYDLRTRIKSGEAIIATANYHDTSPYRWGGKSDIDLAVDEHGLWVIYATEANNGRLVVSQVNPYTLRFEGTWQTSFEKRMASDAFVACGILYAVRSVYQDDDSEAGGDLILYAYDTRRNREEPVRIPFPNPYQHISSISYNPRDNQLYVWNNYIVLRYPLEFSPPQPTTDPLSTPLLSTTPPSSLSSTVSMGFNPTSVPSVTFHPVGAINRAPAGRPITATVPVTVRPPRRPQGPRTPMCEGRVTRGVQWPPTHRGETVERPCPKGSLGIASYQCMSDDVVWNPRGPDLSNCTSPWVNQVAQKIKSGENAAHIAAVLVNHTRGRVYAGDVTSSVRLMEQLLDILDSQLQALRPGNKESATRNYNKLQKRERTCRAFIQAVVQTVDNLLRLEALESWQDMNSTEQSHTATMLLDVMEKGAFLLANNLYGGHFSDRAPNVDLEVYVLNTEMELKDLSFPNSYDSDSTIHVSSSTIKQYSRNGQVKVVFTLYKNLGAFLSTLNATLKPDAELHSLAVNTHIISASMNKESSRVFLTEPVLFTLRHLQLEDHFSPNCSFWNYSERSMTGQWSSQGCRRLHSNNTHTTCACSHLTNFAVLMNHQQPTYPGGVQGLILFVITWVGMVISLVCLALCISTFCCLRGLQSDRTTIHKNLCLTLFISQLLFLIGMDKTHYTVVCPVLAGLLHFFLLSVFCWLCMETVQLYVLMVEVFESETSRRKYYYLSAYGFPTLVVAISTAIDYRSYGGAKACWLRVDNYFIWTFIGPASLVILLNLAVLVITVHRMLRHSTVLKPDSSRFDNIKCWTVSSVTLLLLVSLTWIFGLLFINDNSVVMAYLFTSFNALHGMFIFLLHCALQKKVQKEYSKCLRQSPCCGHASSTGTHGSLKSSAHRGNNRYYGGSQSRHAPAQRQSRIRRMWNDTVRRQTESSFMAAEINNTPTLTRGTMGNHLLANPMLQTRSGSSPYNTLLAETFNPPSPAVFNATGTFRNSKGTLSRSRESCGLEGVRLNGNYNNSYSLHGGSSDLLGGVPVGSGGVSGEVSPALLTPRGADTSSGLRRNLSDAAALEKMIISELVQSNLRPSTDRYGNGTNSTMHRQDYATSTSHREPPQRPLPRPPPPPPQDEEELLYKALEKPRLSDKPRLPDKPRLPDKPRLLEHAQSVFYQSEEDSESFSAEITDNVGGAGPDSASLYARDRDSSYPDSSPEALTVEPHPTLPPDELYFSAGRQAHISAFYQPPPRRTNEEARLGLQPSQGDGDGQMQLVTSL	XP_073764537.1       -           1497 FAMILYB1             -            457   6.7e-28   99.5  21.6   1   2     0.059       9.9    6.7   0.1    55   104   469   513   461   560 0.70 adhesion G protein-coupled receptor L1 isoform X1 [Danio rerio]
XP_073771795.1	738	406676	19	11	NC_133186.1	7536779	7508303	>Dre_XP_073771795.1_UNKNOWN MEFLHSSPMKLLLFAAWFSSVLDPCRFVDTNRSCHTDANYDIVKKGCYCKHGYTGNGVSDCRDDNECENVTGICGPHANCTNSAGSYYCNCLSGFISNGTKHFQTNDGTSCSDINECEEDRKCGPNSKCHNNVGSFICSCLRGYTSPAGPWFMPNHGTDCIENSKIHCHQDHKCTKETVNSTLERMTNLSISERLKEIRYQTSAALSPVLLISYIEAMVSSKLNFGDVSKDSKEHVNETITNLVFSVNNLVEKDEKVEWKKINEDLRKYYVTKLLHTAEKETLALSAGYTHATQMQVHAGDVEMKLYTFEPRQAQKHPLSANIQGNSISLSTKKARHANNNGSTSVVFLIYHSIGDLLKPADDPGVADYSRYAAAGEITVNSPVIAAAISNQKTLPLNDVTFTLKHTQEIDPARDETKCAFWEYSPSMMGHWSLDGCIRTRVNTTHTSCSCNHLTHFAILMSSARANLLAHYNVLTRITQLGMVISLICLSMCIFTFWFFRDIQNTRTTIHKNLCCSLFMAQFIFLIGINKSAHKWFCSLIAGLLHYFFLAAFAWMCIEGIHLYLIVVGVIYNKGFLHRNFYAFGYGSPAVVVAISATLGYKYYGTSSVCWLSTENNFIWSFIGPAILIILVNLLAFAVIIYKVYRHTAVKKPEISHYENIRSCARGAIALLFVLGVTWAFGVMYILYETTLTAYLFTFANVFQGMFIFIFLCVLSRRIQEEYYRLFKNMPCCFECLR	XP_073771795.1       -            738 FAMILYB1             -            457   1.4e-27   98.5  30.6   1   1   8.1e-30   1.4e-27   98.5  30.6   116   404   443   723   427   731 0.82 adhesion G protein-coupled receptor L4 isoform X1 [Danio rerio]
XP_009302289.1	3666	100008568	36	8	NC_133183.1	28022429	28115083	>Dre_XP_009302289.1_UNKNOWN MAALLLDLGSLSPLLFLLLLSSLFTVIPGSGAGLCCRSRCTHPAPGDAQIASLPDGTITGALALGDWKIYPARTVGSRGRELQCSRSSAAGTPSVSLSPDYRNSSVWISEPAAHTGRCHRQPVWSDGGSGEKGVVSRVLASPVQYGKKRTVQRTRTRWRPKTRTVSFGTDSVFAHSVLDNCRTLDNKPRPNHCPYHPKREFAFAKTPTQPLLKAYSYSNVASDANKLHKATAHHPLSAPLNVIDLTREDWNGSSFGYVRGSSEPCARQLSPVLESETSSCLESYWITGCSERHPAWHSSYWHRFNISLMRYGVCVRQARENTNTTSSYNNSKAQFVHKKSHPNNPHGALRRDLISRVDCIRTDTRFDDRKANYNRSTGISAAPSYNGDVYNSDSSATGTPRGHNASQIYLLVELNFSKRFRDSYTHTRVIRSERAKDSAPGQWTAPFAVHEHAYSSDSTKSLFLMNWNTNNNNNCDKNHNNNNNNNNSSPGDQNANETQNVPDSNEREFIRGESARFPCSGARAERGDYKTDDSLNADGGATRPQLKSGKRVSLQAEGVSQQEEQLEAAAECGRREGQIEGGVKGEGRGEGDRQPVDGEWEESMEWVIAEDTKEERVLEGTNLQRKKEKGQGNDTSQSERESDDIKEGMWTEQNETKQSEVGVGNQYSEKQKYKDSDEVLREEGQEYSEEQTGIPSAGRSRRAANRQPQFPQYNYQVQVAENQPPGTSVIAMTAEDHDAGEAGRLSYSMAPLMNSRSMDYFQIDPITGLLTTTHILDREHMDLHYFRVTAADHGSPHLSGTTMVTITVADRNDHSPVFEQTEYRETIRENVEEGYPILQLRATDLDSTANANIRYRFVGESAAVARSAFEIDPRSGLITTRGIVDRETNERYTLLVEASDQGREPGPRSATVSVHITVLDENDNVPQFSQKRYVVAVREDVRPHSEILRISATDQDKDGNAAVHYNIISGNSRGQFAIDSVTGEIQVVAPLDFETEREYTLRLRAQDNGRPPLSNNTGIVSVQVTDVNDNPPIFVSTPFQATVLESAPIGHSILHIQAIDTDNGDNARLEYRLTGTGTDTPFVINAATGWVTVSSELDRESVEHYFFGVEARDYGSPPLSATASVTITVMDVNDNRPEFLQKEYYVRLNEDAAVGTSVVSVTAVDRDVNSAVTYQITGGNTRNRFAISTAGGAGLVSLALPLDYKQERRYVLTVTASDRTLHDTCQVHINITDANTHRPVFQSAHYSVSVNEDRPPGSTVVVISATDDDVGENARITYYLEDNIPQFRIDPASGAITLQAELDYEDQMTYTLAITARDNGIPQKSDTTYVEVNVNDVNDNAPQFLSPRYQGGVSEDAPPFTSVLQISATDRDAHANGRVQYTFQNGEDGDGDFTIEPTSGIVRTVRRLDRESVPFYELTAFAVDRGVPPQRTPVHIQVSVMDVNDNAPVFPADDFEVLVKENSAVGSVVAQITATDPDEGPNAQIMYQIVEGNIPEIFQMDIFSGELTSLIDLDYETRNEYVIVVQATSAPLVSRATVRIRLVDQNDNGPQMQDFQIIFNNFVSNRSNTFPSGVIGRVPAHDPDVSDRLYYTIDRGNELHLLLLNHTSGEIRLSRKLDNNRPLVAPMLITVTDGIHSVSAQCVLRVLIITEEMLSSSITVRLQNMSQELFLSPLLTHFLDGVSAVLSVSPDDVFVFNVQPDADAGKVLNVSFSAALPGGQFFPSEALEEQLYLNRPRLNALAHMEVLPFDDNVCLREPCQNYMKCISVLRFNSSAPFIASPSTLFRPIHPITGLRCRCPAGFTGDYCEIEINLCYSNPCMNGGVCARREGGYTCICREDYTGERCEFDRRGGRCVAGVCRNGGTCRELSGGGFRCECPAGGYEKPYCSVTTRSFPPKSFMMFRGLRQRFHLSISLSFATLESNGLLFYNGRFNEKHDFLALEILDGQMVLKYSTGESSTQVSPYLPGGVSDGNWHTVHIHYYNKPKRSVSGEVQGPSDEKVAVLSVDDCDTAVSLRFGAQLGNYSCAAQGRQTSSKKSLDLTGPLFLGGVPNLPENFPFSTREFIGCMKDLHIDNRPVDMAGFIANNGTLPGCSAKLPFCKSNPCQNGGTCRVSWETFSCDCPVGFGGKDCSLVMSHPHRFLGSSALWWDLKNEVTITTPWYMGLVFRTRSKEGVLLQAQAGQYTNLIFQVVGGQLVFSVARGSTRPVRLRLDQVQVCDGRWHDLQLELRDVRSGRETRYIATVRLDFGLYQGTVIVGNEINGVKVKHLHVGGVLGSGEVQNGIRGCIQGVRLGVRPDSPALPRPSRTIKVETGCNVGNPCNSSPCPTHSQCTDEWDRHTCVCEPGFYGKSCMDACQLNPCENQAKCHRKPSSSHGYICDCEDSHYGQYCQHRIEQQCPRGWWGSPTCGPCHCDASKGFDTDCNKTTGHCHCKEFHYRRRGSDICLPCDCYPVGSFSRSCDPESGQCQCRPGVIGRQCNMCDNPFAEVTQTGCEVIYDGCPKTITSAIWWPRTKFNLPAAVPCPKGSVGTAIRHCDGERGWLDPDLYNCTSPPFVELNTALESLERNETELNTIIEKKLAHQLRDVTEATSRLYGNDLQIAERLLSRLLTFESLQSGFGLTATQDAHFNENVLRGCSVLLGPASASLWRAQSSGQSGAAGLADLLEQYTRILAQNMKQTYLNPVALVAPNIVMTLDRVDNHTHVRRRFPRYHSPLFRGQALWDAHTHVVLPPAALVPQRNVFSAPSPAGPVNLLANQTLEATAARRSLSLQEAPVSIVIILIYRSLGAALPPKYHTDRRGVRLPRHPVLNSPVVSISVYNNQTFVEGFLESPVLLEFRLLETSNRSKPLCVQWNHSSIVSGGGCWTVRDCSVLYRNTSHVRCQCHRLGTFGVLMDSSQREQLEGDLETLAIVTYSSLSVSMAALLLTVLVLSCLRGLKSNTRSIHSNMAAATLLSHLTYLLGINQTEQQFLCTVVAILLHYFFMSAFAWLFVEALHIYRMQTEARNINYGAMRFYYAIGWGVPAIITGLAVGLDPEGYGNPDFCWISMYDKLMWSFAGPVSVVILMNGGMFLMVLRMTCNPTQKEIKKLPVISTIRSAFFLLLLSTCVWLFGLMAVNNSVLAFHYLFIILCCIQGLAVLLVFTVLNSEVQEAWKLACLGKKSPGEEPPRPPQITGQNPYNSASLLEQSGLHRITLGTSTISSVSSARENLLARQTLEHTLAHTGATDLDVAMFHRNGGTLTHNNLHACEDSDSDSDLSLEEERSLSIPSSESEDNVRLRGRIQRRFKRTGHGERLLTEATHNGGKDLDGNDLLSYWPALEGCEAHSLQKWGSERRLGGDYNKDAANNNQPDAALTSGDENGLTHRHRKGILKNRLGCPPALQGLSAVGRAPSEMSWYRTSTLGHRGVPAASYGRMYSGTGSLSQPASRYSSREHLDSLARRQRSRDNLDLLPRRRELGAEHLGGSRERLGPVHSIHASREDLVGRGGLAGLMGAEGSLSGSRTQLNTLTRQQASREHLGGALMSSRSREQLESNGGAQPCREWLRTLPPRQLSHPDPHPPSSPPPPITEEPHESLPSRRGRLDSAPPCRYPSSSAAAPGAPSSRPPSSEHLDILSSILASFSSSVLTPPPNPAGPSPSPPPPLSATSQSVSEVSPDSEVNRSDGQS	XP_009302289.1       -           3666 FAMILYB1             -            457   4.7e-26   93.5  14.1   1   1   2.8e-28   4.7e-26   93.5  14.1   130   404  2898  3153  2874  3165 0.88 cadherin EGF LAG seven-pass G-type receptor 3 isoform X1 [Danio rerio]
XP_005172793.1	1356	101883602	36	10	NC_133185.1	40346064	40380775	>Dre_XP_005172793.1_UNKNOWN MFSTDHVKNHSMKLSTRGMRIKPLNRWSFWIRLLFLVLVFCPGITAQTGPPTPKQSSPPPTLTTVAASMNRSSVVSAATTPTTPTKMPLTETTSTPPNMSTTNPETTLTTPPQTRNTGTSPFSSSGYTTSPETSTISKLTGITTSHETTTTSRFTTFTEATTISSVTKNTSSPETTTISTSTVNTTSPGTSTVSMFTENTTFPETTTNATTLTATPNISSTVYTTTNFTEFTATPNMSSTVYTTTNVTAFTATPNISSTVYTTTNVTAFTATTNISSTVYTTDATTANQTSNTPVTAPKPCDFSQSCLKAFYWMTTSVTVTGISQLNISSQVENFFKTKLDTCAVSTPESVSAKSSSLISNNTSSPVTTYPGLFEALEITCDSNIMNNSQCYVLLKLAAPANVCCIRDTVMMMNSADIEISVEGQIERVGVCADDLTQIFAGQYDKCDQTLNIDVCSTQPQNISCGNSTNVIFPVGVKENCTVIPATPGCNCSSHCSNSDFYYYSFSLGHSTSSENTGCQSVSQLFSNSTCSGASSACYSLTTLRNHFQDLRAENSSGRLGECQVIIKLDTALDLCVIGVAVETIIKSQKTFTFDGVLQRIAICYDPSFNPLNLYPRWQQSLSTNFSSELFCTDSNQQNLFADFCVGKYSTLIPLNGSCNSSLTEYQNFTTAPPVFTITITTNTSSFNTTVTAVNQTVTGATIAVSINSSGTLGADGLLSLSGNASSLNAGQVDQLLSQLESLLAGPTVSLALANTSVNIVNNLLDVPPAVITPFSKRAIGIVDTVGLKLAVSGPSQTVLSQSLSLGVKKVDGANFQQTSFSLIDSTNLQIGGGVSKRSAESELQVRSIPLGSVVLPSSLTQNLTAEQQQLISRVQFNFFQKNTFFQDKNLGDGKLNSGILGSSVGNLSISGLQNEVLITLRNNGPIPANYSAFCVFWDFGLNDGSGGWNPSGCRVVNVSDEETKCACNHLTSFGILLDISKTEIPPLDLLILTYITYIGCGISAIFLSVTLLTYLAFGKLRKDIPSKILIHLCFALLLLNLVFLLDAWLALYPDAVGLCISTAFFLHYFLLASFTWMALEAVHMYLAIVQVFNTYISRFMLKIGFAGWGIPLIIVIIVIAVNKDNYGLVAYGRYADGATDDFCWIKNDMVFYFGVVAYYCLVFLLNLAMFIVVMIQLCRIKQQNPHNTQQRSGWQEMRSVAGLTVLLGLTWGFAFFAWGPVNLAFMYLFAIFNTLQGFFIFVFHCAMKENVRRQWRTYLCCGKLRLAENSEWSRTATQKINKASKRKMSSLRSSNSNHSSSSFLNRDSLASEVPFGIGNPMDDRMITEAEGPSSNSDVVLNELNSQNHRGRRSYR	XP_005172793.1       -           1356 FAMILYB1             -            457   1.7e-24   88.3  13.6   1   1     2e-26   3.3e-24   87.4  13.6   138   447   990  1299   960  1331 0.78 uncharacterized protein isoform X1 [Danio rerio]
XP_073787949.1	1740	556993	36	19	NC_133194.1	41886528	41336099	>Dre_XP_073787949.1_UNKNOWN MNTAGHLCLSVLSSLFALAWAVEPLGQAAPCSSLVAGVLYGSFSLRDLFPSPSALASGCSWTVENPDPTKYSLYFRFNRHAGACLAFSPLVLPLDHYLSNQTCGPPDQPSFPSDPEAVELCMVPGPHTFLQFDKNFVQLCLTSHPSTDGDSEDGTSEGSQAPLSAETLDFRLVEVLLINNENSSQFTCGVLCRWFEECLHIGAGWETESCSITQTGCVCPNTAPPVSLLPTVPHNQSLDPSSSVLQSPPDDCCVTQLHSKNGIAIAPRDVRQEPDDDEQKVKTQRPRSADQPGVFQAQTGDPAAEEWSQWSVCSLTCGQGWQVRSRSCVSSPYGTLCSGPLRETRLCNNTATCPGEPQHQAVHGLWEEWSSWSLCSVTCGRGSRTRSRICVLPQHDSTGCGGPEVQTKLCNIAVCPVEGQWLDWATWSQCSVSCGTGTQQRQRRCSVSVHGWAECKGPHAETRECTNPSCGGGGNWGAWNHWSLCSKTCDSGWQRRFRMCEGTGIQGYPCDGSGEEVRSCNDKKCPAPHEICKDEYQVAMTWKRASAGETVYNKCPSNATGSASRRCLLDVNGVAYWGPPSFARCVSLEYRYLHLSLREHLAKGQRTLAGEGMSQIVRSLLELMSRKNYYSGDLLFSVEILRNVTDTFKRATYIPAPDDVQKFFQIISLMLDIENLEKWEDAHQVSPGSVLLMGVVEDFIHLIGEAQKPFQSFLVVTNNLIITIQREPVSAVSSDINFPMKGRRGMKDWARSADDKLFIPKEVFTLASDESDDTPYFVIGAILYRTLGHIMPPPKDPFVISSKILTVTVRPLPKPTEPLVSVELAPLLNGTTDPQCVVWDYGNPEAGEENWDAESCQTLPSPAVSHTKCLCSKLSTFAVLAQKAKEPGMGPSSMPSVPLMVGCGISCTALLILLLIYAAFWRYIRSERSIILVNFCLSILASNVLILVGQSQTLSKGLCTVTAAFLHFFFLASFCWVLTEAWQSYLAVIGKMRSRLIRKRFLCLGWGLPALVVAVSVGFTRARGYGTPSYCWLSLEGGLLYAFVGPAAVIVLVNMLIGIVVFNKLMSRDGISDKSKKQRAGPPLEARSRLLLKCSKCGVISSTALSSSTASSAMASLWSSCVVLPLLALTWMSAVLAITDRRSTLFQVLFAVFDSVQGFVIITVHCAMRREVQDAVRCRMGGCKDDSENSPDSCKNGQVQIMQRCSHRPSLYSQEQCGSLRYSPGCCQGCHQSCPAHPPLALANHGHGHSHNHAHILHQNHTQTLNHNHLMNHNHVHTLDKNHTQTLNHNHIHTLNHNHALNHNHALNHNHALNHNHALNHNHALNHNQAHILHQSQSLVLEQNHMTTDFEKDVDLACQTERGHPFIFKEVNTCNPATITGTLSRISLDDEDDPKLAAHQEGVNFSSLPGNIPPPNLLVQVPPLGPLNELSEQPLKKEVNVEQQGQHQRSGPIYLCTESGLGWARPNPSSTQDSTGGGGGEGDYMVLPRRTVSLKPPPPPQDEGKPLNITVDDPPFPPPPSPMTLHPAESEAYPADFAATDHISMNLNRSYSTLKQLPAHAGHTHSHTNTHTLQVKQNRPSVRQILTSGTVERTRTLPRNLGSTNTSISAGSLERKRVRYSELDFEKVMHTRKRHSELYHELNHSTKFHTIDRYNRDPAMSSFKREKRWSISSAGGEKNSSSDKSTTDDQRSWDSFKTMTPEQTCGSNEHKDRLELRSKPWDTSSVNTPDTSEGDFQTEV	XP_073787949.1       -           1740 FAMILYB1             -            457   3.1e-21   77.5  17.6   1   2     0.043       7.2    7.1   2.8    52   102   524   569   509   588 0.82 adhesion G protein-coupled receptor B2 isoform X1 [Danio rerio]
XP_009290826.1	1610	563527	32	16	NC_133191.1	41887140	42045276	>Dre_XP_009290826.1_UNKNOWN MISKFLGNCSSLILLFPLLQLLRMDMLNAAPSGPETDSCSTLVQSRFFGFFLSSSAFPSMPCTWTLQNPDPRRYTIFIKVTKPTRDCIARQHRTFQFDSFLETTRTFLGMESFDEVVKLCDASTHVAFLEAGKQFLQIRKGLPRAGAGSRNGDGEFKVEYLVVGKRNPSMAACQMLCQWLEDCLTYSSSTRPCGIMQTPCQCWDQPPLDKESNGCYRDGVFLENCIPVVKEGASETDNSGGWSGWGNWAECSSECGGGVQKRTRNCQSPPDEAYLCEGVLEEGRPCNAQPCIGYRQYSSKGQGLSPVKYKGMQEAMLGKGRLGSRSQSLRSVDSRKREDSDKTRSGQQSSQTVDSPSGEEWSAWSVCSATCGEGWQSRTRFCVSVSYSTQCSGPLREQRPCNNTAVCPAALITEHGAWGEWTPWSLCSSTCGRGYRERNRSCKPPQFGGNPCDGPEKQTKFCNIAVCPVDGVWNEWSGWSSCSSTCSNGTMQRIRECNGPSYGGLECQGEWHETRDCFLRECPVDGQWQLWSTWSGCTKTCGGGSQQRQRLCYGPFFGGEACPGDREEVRRCNEKRCPEPHEICDEENFSNVVWKKTPAGDTAAVRCPPNAVGLILRRCSLDNEGIAYWENPTYMKCVSNDYRSIQTLTRDHLSKAQRGLVGDGVSEVMTKLRVTSSDGTSYSGDLLAIIDVLKNMTEIFRRSYYSPSNADMRNFVQSVSNLLMEENRDRWEEAQLLGPNVKELFRLVEDFVDVISLRMKDFQDTYEVTDNLVLSIHKRPVAGNADITFPMKGWRGMVDWARSSEDKVRVAKNILLTGKPEEDDASAFVTGIVLYRNLGSILSLQRNSTVLNSKVISVTIKPTPSSLSSPLEIEFSHLYNGTTNQTCISWDENDSSSLLGSWSARGCRAVPVDSSTTKCLCDRLSTFAILARLNPDVNMDKTQLPSVTLIVGCGVSSLTLLLLIIIYVSVWRYIRSERSVILINFCLSIISSNALILIGQTQTRNKVVCTLVAAFLHFFFLSSFCWVLTEAWQSYMAVTGRLRNRIIRKRFLCLGWGLPALVVAISVGFTKAKGYGTVNYCWLSLEGGLLYAFVGPAAAVVLVNMVIGILVFNKLVSKDGITDMKLKERAGQMTVPLYNMTLKCAKCGVISSPDVSTTATSNAMASLWSSCVVLPLLALTWMSAVLAITDRRSALFQILFAVFDSLEGFVIVMVHCILRREVQEAVKCRVVDRQEDGNGDSGGSFQNGHAQLMTDFEKDVDIACRSGTLKRPSQQGEEKVPSQQITVQKGSNFNTLPASMAKVHLQNVANYASHTLTMRRDKGAIAGVSTELPGAKSIYICDGELFKQLDGAPGDIPEGGGGGAGQGYVLLPNNNNTLRPTKGGKEDPAAKYNISIEQLPQTRLIHLANPVGTDPVAGFGLKSLPTDRVSVSCSERESPVQTVQNISSESQMTNTCEQGDSGNSGMSKSETVSTLSMSSLERRKSRYAELDFEKIMHTRKRHQDMFQDLNRKLQHAEKDRDSPPVDCKPGKRWSISSGGSDKTNLSDKQQTPSKRAWEGIRKTHSPPSWVRKELEPLQASPLEMQAVEWEKASATIPLVGQEIMDLQTEV	XP_009290826.1       -           1610 FAMILYB1             -            457   6.9e-21   76.4   8.0   1   2      0.23        38    4.7   0.5    53   141   577   656   565   669 0.73 adhesion G protein-coupled receptor B1 isoform X1 [Danio rerio]
XP_068069198.1	1560	566117	32	13	NC_133188.1	41774394	42093813	>Dre_XP_068069198.1_UNKNOWN MKAVRNLLIYIFSTYLLVMFGYTGAQDFWCSTLVKGVIYGSYSMSEMFPKNFTNCTWTLENPDPTKYSIYLKLYKREISCSEFSLLAYQFDHFSHEKINELLRINESIVHLCDDAKNINVFLHYDKNFVQLRRVFPYDYNGLTTKKTEDEERSVVEFVVLNKASPSQFGCQVLCTWLENCLKAEKAESCGIVYAKCTCPQHLGDGESESVLMLSNVVLPLNPQTEGCLTPQVRTAQVCNLSAEVRRPSKEEYGMIGEHTVKSQRPRSVHDTKGLQERDESAKFMAQTGDPGAEEWSQWSSCSVTCGQGSQVRTRTCVSPYGSHCSGPLRESRVCNNTAPCPVHGSWEEWSPWSLCSFTCGRGHRTRTRICTPPQHGGRACDGPETQSKLCNIALCPVDGQWQEWSPWSDCSVTCANGTQQRKRQCSAAAHGGSECRGHWAESRECSNPECTANGQWNPWAAWSGCSKSCDGGWQRRVRVCQGLAVTGQPCEGSGEEVRRCSEQRCPAPYEICPEDYAVSMLWRRTPSGELAFNRCPPNATGTTSRRCSLDHRGVAYWEQPSYARCIANEYRYLQQSCASISASAASDKQHSDRHEGSRSHVTFVRKTTVQGHLAKGQRNLAGDGMSQVTKVLLDLTQRRNFYAGDLLSSVEILRNVTDTFKRASYEPSSDDVQNFFQIISNLLEEENREKWEDAQQIYPGSVELMQVTEEFIHIVGLGMKDFHSAYLMTGNLVTSIQRLPAVSVMTDINFPMKGRKGMVDWARNSEDKVVIPKGLFVPQAADMDGSPVFILGMVLYKTLGLMLPAPRNNTAVNSKVIAVTVRPEPKVTEAQLEIELAHLANGTMNPFCALWDSSVMNDSWGSWSSKGCRTVLTDASHTKCLCDRVSTFAILAQQPREIAMEYSGVPSVTLIVGCGLSCLALITLAVVYAVLWRYIRSERSIILINFCLSIICSNILILVGQTQTHNAGICTMTTAFLHFFFLASFCWVLTEAWQSYMAVTGKVRTRLIRKRFLCLGWGLPALVVAISMGFTKAKGYGTPQYCWLSLEGGLLYAFVGPAAAVVLVNMVIGILVFNKLVSRDGILDKKLKHRAGQMSEPHTGLTLKCAKCGVVSTTALSATTASNAMASLWSSCVVLPLLALTWMSAVLAMTDKRSILFQILFAVFDSLQGFVIVMVHCILRREVQDAFRCRLRNCQDPINSDATGTFPNGHAQIMTDFEKDVDIACRSALHKDMGSCRAATITGALSRISLNDEEEEKGPEGLNYSTLPGNIMSKVIIQQPSGLHMSMGVGDLGEQCLDSTADMRRTVYLCTDDTTRQSEQELSAHDLSGHPQPGQMETDYIVLPRSSGAVVSGAGSSSVPTLLKEESKMSMMDSLSHDRLMHYKMGAEFNLGPSGMEHMGMEHQYPVQAEHMQNLPFEPRTAVKNFLAEMEESGGLSRSETGSTISMSSLERRKSRYQDLDFEKVMHTRKRHMELFQELNQKFQTLDRFRDIPNMGIMDKAMPNKNPWESFNPASEYQNYATMNVLESDTKNSLEMTNAEWEKCVNLPLDVQEGDFQTEV	XP_068069198.1       -           1560 FAMILYB1             -            457   5.7e-22   80.0  12.3   1   2       5.7   9.6e+02    0.1   2.0    53   103   505   550   490   594 0.70 adhesion G protein-coupled receptor B3 isoform X1 [Danio rerio]
XP_073789631.1	1077	100535565	20	20	NC_133195.1	39063243	39032484	>Dre_XP_073789631.1_UNKNOWN MAIGGNTLKILFGVMIAVLLIYECAAEALNFSEICVDLQFSDGPTHHIRRGSTEMLYKYDSGIDVSLFDFTLVNNITSIPLPYALSSINILEVDMTTGGLTMADIAHGSSEKGATHSWHRTPEHGLTKQAYKAMVPHLAPVLIIGMSLKISQTFDTNLADPNNPTFKDLSGKLESSIDSSYSTYLKGYISKSVKVNAFRPGSVLADYTISTTSNNLDFSTANADLSSSLQAQGIILPADAFAQSDQKDFIMGQVYPLQKLHLKCTQPDFVKGQITWRVNNKDPALDSTMYSLSSDNSTLTVKNITETDSGQYSCFIERTTIPYIQWQNIVIKQRPNINVGNDYRVLPCDGSSFLLKCSVDAGYNIEWVQGETVQDSENGPDGITLNYTTPSENCTEETFTCRLKGLPQLLAYSYSQSRVTVKSTNQSYDCLNKELGIGNITNQTNGFCPNGTKGIIIYRCDLNGWTAIDENCILAIISDLLNLIQTLPVEQIPELMANLSFAAEQNTIIITQSAPIVRVIVEILFKIADLVKAIFIGQPVMKSFLKIVDIALSNDAIATWKKLINGNTTANTNIKLLNAIENISERLINFFQINQTYIQLIRTIVSNSFNVTSTLPNSTTEIVIPQLPEMTTATILIFTTLNNILPTRKISNYNSSTESDQLINGDVVVVKADKPVNNISFVFGITNQSLGNPQCVFWNFDFDAWDSTGCEVKQVGNDSGIITCECNHTTSFSILMSPFDIDRKVLAYITYIGVSISMASLILCLIIEAIVWKSVTSTRGVRNVTSYIRHVCLVNIALSLLIANICFFIEAAISDEDMPTHANRCSPVVFFMHFFYLALFFWMLISGMLLFYMTVMVFSRMSIIIIMIIAFTVGYGAPLLIASITVASTAGPQNYVSKQACWLNWDESRALLAFVIPALTIVAINLVVLVVVLYKILKSGVGAATQPDEKHTFFAVVRCVALLTPLFGLTWGFGIGTMVSRKLGIHVVFTLLNSFQGLFVLLFGTILDSKVRESLRGKLLLEKITSRFTKSTSGGASSSARQETPQKNVNNVSGSNNSSRLTSEGTNGSFSDVDTQL	XP_073789631.1       -           1077 FAMILYB1             -            457   1.1e-21   79.0  13.6   1   1   1.1e-23   1.9e-21   78.3  13.6   139   444   744  1057   721  1073 0.75 adhesion G protein-coupled receptor F4-like isoform X1 [Danio rerio]
XP_073788884.1	2223	561970	34	20	NC_133195.1	40658047	40745399	>Dre_XP_073788884.1_UNKNOWN MISFISGRWWRWKFQNTLAVFLLLICLSTSVAQSCQSSTSCNVVLTDSQGSFTSPCYPNDYPPSQSCNWTIQAPAGFIVQITFLDFELEEAQGCIYDRVVVKTGTSDAKFCGLTANGLTLNSTGNVMEVFFNSDFSVQKKGFHISYKQVAVTLRNQKVTMPKSSKTILRVSNSISIPVLTAFTVCFEIARTAQKATETIFTLSDAAGTSILAFEKTSNGMELFIGASYCSVDNLLTSSDITATMKPLCLTWTKSSGLIGVYFGGHYFSSICSASQIYTLQSGGLLQIAGKGSSSVSVDDQNLDGFIYNFRLWDHAMLSSELSALTCDTVGNVVDWDHSYWTIPGSSTQTDSTLSCICFPNCIHLKASTSGTAITTLSPGTAGCASGLGCPATLTVTITSIATTNIIPTNATTHAGAEKERAAFLWSLLRFTPHAETPSTSSPPARPLVAPAPRGPKTSLGFISTPLIWPVRKKVEAAVTRPHKRPVIHLTKPPSQPTISMTNESHWLKTSTMTSVAKKTDSTSMRPAYSQVKPPWQPDAHNQTEDFESFQVASLSNRKNKPIAPQVVVSDSDKNLTEILDYPSGFGPEAFFYDIDLDDDVFSLFDFDSTYSLDESLAPATPHNMSFLEIESVPTVNTTSFAPVRQAVSKQEHLESHSDLSLPWAMSELAQVSERLETDSSWTLIPSSSMSPGVTGVQMIQSELKSLPGQTAAPPEWSPTHLVDIKLTSTVAWGLSKETATKDTVKDVQHDQKKSTMVTHGKMESLTKGYGRTNLSETDYSLTDTTPFLFSSASQQSSFDYLPNQTILLIEPLAASPLTPQGSYTLTTETLVISSLSPSHSVEPVAELLMDSTHSAATLIEPQSSMPTEGVQSDFLMTQAIRPSPLSSLPHTDVFPSLTPGSAQILFISDPKNNTDLVLPSMNNQFILSENPQVVHSSQFPNSRVFTLYPSIAGGISTSVDGSWSKSESPLALEPSLIHRLPETLFRGLSRQGDVNPSEVDLRDLSHMPHISVNASSELPNSSAVALTDEQRGSQSWPVNSDAQTKAERINISPSLPSLNILDSVRGMVTSTWSANTTADRESSQISSTEIFPSHFLNSIRNHRPDEASPYETKFRYQSETIDISNFIEPGNVFPSRSKEKVYHDRFIISSAYTRISSTTHKYIEATPTTWPLKTTLNIPDVSKSFKKKQISNTIQDYELFKINMHTIEPFHTQPHLQITMTYADLSSHTPPNTPLHQFHTSISSMPSVLEWTASISVFQPSKSIHISSGYSEDLLDAKHVHSSTTKWPFWAKNESANPSSHSHNVLVVQPATTDTKTHPTPAIDDQPFVPTNGTAATPANGVIPSFGSVHAGATNGTTTDPHELAPCPCKAPFHITCLCGLSAGNKDIFYRSTLVVTDEQTPDRDATAIISQWLNQTFQNWMYRVYVDGIRITTTRQIYLALLVYKNTTDVNLAEVEIESMLRSAPAIGNGLTLDSVTVNLMENCQADEFPVHYRWPESRPTVTQYVPCFPYKDRNASRTCMINRDNYTSFWALPDRGNCTNITSITVSQENAMDVAVQLADISNNGLSKEELTQVVTKVMELVNIAKINATLASTVVTIISNVMVSSEDAQKDASETALKAVDELVQKIEFDGPSLTISSKNLVVGVSALDTTNFNGSTLSAFIATNTTDPQIDFDSEAHNALAVVTLPPTLLQNLSLSQIEKVSRINFMFFGRTGLFQHFGSLMDHQNNGLTLNSYVVASSVGNFTIKNLQDPVRIEIAHLEYQKDPNPQCVFWDFNLQNYSGGWNSDGCKVGSDSNSNRTVCLCNHLTHFGILMDVSRAAELIDEKNNRVLTFITYIGCGISAIFSAATLLTYIAFEKLRRDYPSKILMNLSTSLLFLNMVFLLDGWLASYEIKELCVTVAVFLHFFLLTSFTWMGLESIHMYIALVKVFNTYIRRYILKFCIVGWGVPATIVAIVLAVSKDSYGKNYYGKGKDGQGTSEFCWILNPVVFYVTCVAYFSIIFLMNVAMFIVVMIQICGRNGKRSNRTLREDILRNLRSVVSLTFLLGMTWGFAFFAWGPVSLAFMYLFTIFNSLQGLFIFVFHCALKENVQKQWRRYLCCGKLRLADNSDWSKTATNNTKKVSSDNLGKSLSSSSFGSTTANWTSKAKATLNPFARHSNAGKSSSNQSSPKCSPSDGEPSSSILPVHQVLDKVKGYCSVRSDNFYKNIIMSDSFSNSTKF	XP_073788884.1       -           2223 FAMILYB1             -            457   8.1e-21   76.2  15.1   1   1   4.8e-23   8.1e-21   76.2  15.1   133   437  1826  2132  1794  2168 0.76 adhesion G-protein coupled receptor G6 isoform X1 [Danio rerio]
XP_073784073.1	742	110438436	19	17	NC_133192.1	2073400	2091888	>Dre_XP_073784073.1_UNKNOWN MKVSLLWSVGIMSGQKLNVLRLIMMILCCLTGQITSGNELSCDKINLTAVCFWDNSSSKNPAIQLTYHHNYSEKVFHLTTVTLNILSGVQCEPSSFNFISVEQLKQQLCTVLPSVICQSSTETNVNGTYVLYLNNQTSKTWTCVNCSMSSVYYEETQSNTETSSTSTSSPYTQRSNNQTLKTTSAKFSMSSGTTEETQSQETSTLPQSQKTSTLPQSQKTSTLPQSQTTSTLPISDLEDENGFVPSSKAAEALDILESNLVNIMKKNNESNVMINKGNITGLLHIQDTNTETKDITICYSSNNTMVVMSQNDMNTGCLWTAMFPSEAFNKSRLENNGSAFVGVLRFTNMGNKNQTKNYTILNNEVYGITMGAKISNLTNNIEITFTNKDLVGGPSCTSWNGKGNLEWTTFGCETKQINSNSIKCSCSHLTFFAVLMSVPDANAVAPYLESLTLISAIGCGISVFFLAIALFMHFLLRKAKSNQATKILINMFGALFLLNVSFLSNESVANSGDKNACVFIALLMHYSMLTTFTWFFIQALHMYLWLIRQNVTITNYMRKITVLGWGFSAPAVIAVVSVGGYNKTILTASSGKVAQMCWITNPLIHYILNMGYYIFVFIFTIGIFIITILTRIIQSRHIRATEGKRQTFRKQLMMVLSLFLLFGLTWAVAFFSYGPMLIPSYYIFCALNSLQGFFLFLYYFHIHKDVAGHFSDDPKSSGSVTTIVPPNNTNSNAEEHVYDLAR	XP_073784073.1       -            742 FAMILYB1             -            457   1.7e-20   75.1  21.5   1   1     1e-22   1.7e-20   75.1  21.5   134   405   444   711   403   727 0.81 adhesion G-protein coupled receptor G1-like isoform X1 [Danio rerio]
XP_073784086.1	436	141378484	14	17	NC_133192.1	2053676	2070824	>Dre_XP_073784086.1_UNKNOWN MSQNDMNTGCLWTAMFPSEAFNKSRLENNGSAFVGVLRFTNMGNKNQTKNYTILNNEVYGITMGAKISNLTNNIEITFTNKDLVGGPSCTSWNGKGNLEWTTFGCDTRKIDSSTIKCSCSHLTFFAVLMSPVTDANAVAPYLESLTLISAIGCGISVFFLAIALFMHFLLRKAKSNQATKILINMFGALFLLNVSFLSNESVANSGDKNACVFIALLMHYSMLTTFTWFFIQALHMYLWLIRQNVTITNYMRKITVLGWGFSAPAVIAVVSVGGYNKVILTASSGKIAQMCWITNPLIHYVLNTGYYIFVFIFTIGIFIITILTRIIQSRDTRAIVGKRQTFRKQLMMVLSLFLLFGLTWAVAFFSYGPMLIPSYYIFCALNSFQGFFLFLYYFHIHKDVAGHFSDDPKSSGSVTTIVPPNNTNSNAEEHVYDLAR	XP_073784086.1       -            436 FAMILYB1             -            457   1.2e-20   75.6  21.7   1   1   9.8e-23   1.6e-20   75.2  21.7   135   405   139   405   118   424 0.82 adhesion G-protein coupled receptor G2-like [Danio rerio]
XP_073763277.1	486	103909390	15	1	NC_133176.1	59170131	59180152	>Dre_XP_073763277.1_UNKNOWN MVVTSSSAAAADPSKLVSDGNRVLNAGEKLVSMLVKPTNTSDYVSFTLDTVEVKVFMVGPQVTLDKIPRLDTASSSMDIDLIDIAKNNNETRSAAVAFMSYTTMENLLKADFFNTTNDTIKTMMSTVISATLPKTSNTALTKPVKFTFRHIREFEPSGSLSCVYWNISEWIVDGCSVLNSNSSHTVCSCVHLSTFALIMQTSSSPPPSDLLELLNLVCVIVGLVFFSLALLSFALCQWSPGVNNVARINICISLLSAHLLLLLTQQFLSLIRPQQVLCVVIAGLLHFLFLSAFVWMFIEAVLLFICVKNLSQISSRKWEGPSGWFLCVIGYVVALVVVGVSVVTDPKGYDSKQCWIKYDKGFIWSFLGPVCVILALNMILFINIIITLNSSLKNLNVEVSQMKQTKIMVFKTLGQFVVLGCPWILGFFTNVNMVIYILFLVLNSQQGTFIFLIYCVLNNEIRQQYRKCFTSLCSGRQQQDHSINEK	XP_073763277.1       -            486 FAMILYB1             -            457   1.3e-20   75.5  24.6   1   1   1.1e-22   1.8e-20   75.1  24.6   141   418   211   479   172   485 0.79 adhesion G protein-coupled receptor E3-like [Danio rerio]
XP_021336868.2	1201	793963	27	14	NC_133189.1	36244892	36275769	>Dre_XP_021336868.2_UNKNOWN MITFKKYLPVTIYMWMYGSSFIYAESLWGTKKAFTIRSCIWQLNENVIIPPLEELSVCVNLMRVLTTSEWTAFDYKGPGQQHVELGLAGNGGNLKASIFGKEWTVAYDLAKNNWHVVCLTWSSHTRLFQVIVNNRSFEFPLNETSPRYLAANGTLSLGVSHSFVGGNIVFETGKNFLGDMSLFRIWKEQMSALQLAEFRCVDGNIVTWRTQDWDYQKCPSLPDNSLKCESSKYKIQMHLSITQNTNNDNTDSQEMVLSWLKYIFHPKIMVHSVSLSSKSLQTGADLTGENMEAVQEKPRIKTQWFDCVVFVRVIPEEDVSITVSTIKTLLIPSYSYSADIVLMTNPVSINILSVAVLPNVTSSPAVSTISPVFSQTTNIPGIGSTNITTVVTLMSSLRTQAMDKICLISSSFTLNKEFGDIFYRVNLNITMSGSITDPKHTIEQWLQETLQRCRMDVWNIVIKGAPKYKTTFQVQALAPVNETATERLIFELLTQGYINASIAISVPTDEVNITQIDPGLCPEEAMLTVYGMYMWPSMTAQSQYELTCVKGNESATRFCKLNEATDKAIWEAPDMSKCLKTVSDFGDLENITVTPGNSEYIVDMIEDLLNEQTGLSNAQLDIMLEKLSEVTEVGTLTPDLSSSITNIVSEICHITTNLTQVTNKILSITDLMGDRTVFAGDAHNMTAPSLALQLINPDTSQFHGLTFEVSSVQNDGTPEIFYDENFTENPDTGTVAFISLPPTIENFFPNSGARPRVQFHFYGKEKLFEDTSSNLTLNSYVVSASVTNATVSELEIPVMVTLRHLQNKEDWDIVKCVYWDFNKNDKKGGWNDRGCEIVNSNATQTSCSCDHLTHFGVLLDISKTPINPKDEWVLTIISYVGCGISSIFLGVTLLTYLAFEKLRRDYPSKILINLCMALLGLNMLFLVNSWFASFNSNALCITVAAFQHYFFLATFTWMGLGAINMYLALVKVFNSYVPSYILKFCAVGWGIPLSVVILVLAIDFNSYGTSLSTDLLQESTAFCWFKNDVTFYVTVVSFAILIMVCNIIVFVVVLVQIHKMRVNKPSSSRKGFLHDLRVVASLTFLLGLTWILVFFGWGPAKTPLMYLFSILNSLQGFFIFLFYCLMKDNVRKQWRMHLCCGRFRESEYSDWSRSVPKGDKGKGGLQVSSSMKSEITSERKISDTSNTGTSNDDFLKQESKQ	XP_021336868.2       -           1201 FAMILYB1             -            457   2.1e-20   74.8  14.5   1   1   1.3e-22   2.1e-20   74.8  14.5   140   439   873  1165   829  1194 0.80 adhesion G-protein coupled receptor G4 [Danio rerio]
XP_073784044.1	1607	141378482	12	17	NC_133192.1	1971039	1995943	>Dre_XP_073784044.1_UNKNOWN MTNLTTETTTHNTTTSLTTETTTHNPTTSLTTTRNPTTSLTETTTHNPTTSLTTETTTHNPTTSLTTTRNPTTSLTETTTHNPTTSLTTETTTHNPTTSLTTETTTHNTTTNLTTEIITHNTTSLTTETTTHNTTTSLTTETTTHNPTTRLTTETTTHNTTTSLTTTRNPTTSLTTTRNPTTSLTTETTTHNPTTSLTTETTTHNPTTSLTTETTTHNTTTSLTTETTTHNPTTSLTTDTTTHNPTTSLTTTRNPTTSLTTETTTHNPTSLTTETTTHNPTTNLTTEIITHNPTSLTTDTTTHNPTTNLTTEIITHNTTSLTTETTTHNTTTSLTTETTTHNPTTSLTTDTTTHNPTTSLTTTRNPTTSLTTETTTHNSRRSLTTETTTQNLTTGLTTETTTHNPTSLTTETTTNNPTTSLTTETTTHNTTSLTTETTTHNTTTSLTIETTSHKPSSNVTQDKTTSNQSISLTADTTHNPTTSLTTTRNPTTSLTTETTTHNPTSLTTETTTHNPTTNLTTEIITHNPTSLTTDTTTHNPTTNLTTEIITHNTTSLTTETTTHNTTTSLTTETTTHNPTTSLTTDTTTHNPTTSLTTTRNPTTSLTTETTTHNSRRSLTTETTTQNLTTGLTTETTTHNPTSLTTETTTNNPTTSLTTETTTHNTTSLTTETTTHNTTTSLTTETTTHNPTTSLTTDTTTHNPTTSLTTTRNPTTSLTTETTTHNSRRSLTTETTTQNLTTGLTTETTTHNPTSLTTETTTNNPTTSLTTETTTHNTTSLTTETTTHNTTTSLTIETTSHKPSSNVTQDKTTSNQSISLTADTTHNPTTSLTTTRNPTTSLTTETTTHNPTSLTTETTTHNPTTNLTTEIITHNPTSLTTDTTTHNPTTNLTTEIITHNTTSLTTETTTHNTTTSLTTETTTHNPTTSLTTDTTTHNPTTSLTTTRNPTTSLTTETTTHNSRRSLTTETTTQNLTTGLTTETTTHNPTSLTTETTTNNPTTSLTTETTTHNTTSLTTETTTHNTTTSLTTDTTTHNTTTSLTIETTSHKPSSNVTQDKTTSNQSISLTADTTHNLTTSLTTKSTHNLTSFTIEITAHNPATSSTPDTTTINAPTTTHPPETSTAAEVYIDPSEASHSLSSLESKMEEMEKSNESSVPIVIGEAVGVLHVQPKDMETKDIDICYSSNQAKVVESQSDMNCSWTVKISKEAFDKSRLENNGSAFVGVLRFKNMGNKNQAKNYSILNNEVYGITMRANIFNLTNNIEMLFTQSNPAGDLSCSSWDGNGDPEWTSFGCKTIKINNSTIKCSCSHLTFFAVLMSVPDANAVAPYLESLTLISSIGCGISVFFLAIALFIHFLLRKAKSNQATKILINMFGALFLLNVSFLSNESVANSGDKNACVFIALLMHYSMLTSFTWFFIQALHMYLWLIRQNVTITNYMRKITVLGWGFSMPIVVAVLSAGGYNAVTLNSTSGKIAQMCWITDPFIQYIVNIGFYSLVFTFTTVIFIIILTRIIQSRDTRATEGKRQTFRKQLMMVLSLFLLFGLTWAVAFFSYGPMLIPSYYIFSVLNSCQGFFLFLYYYHIHKNVAGPFSDDSEWSNSTSGETMA	XP_073784044.1       -           1607 FAMILYB1             -            457   2.3e-20   74.7  21.1   1   1   1.4e-22   2.3e-20   74.7  21.1   136   402  1328  1589  1307  1604 0.83 uncharacterized protein isoform X1 [Danio rerio]
XP_073784080.1	716	103911301	17	17	NC_133192.1	2032188	2045471	>Dre_XP_073784080.1_UNKNOWN MSVGIMSGQKLNVLRLIMMMMMMILCCLTGRITCVLNITISTDKIKLNDVCLCNSGNSPAIQMIFHRDYSEDKFNLISVNLRILSRDQCSPYSSNFTNNGQLITLSSTVLQSVTCQTQGLEISLDDVVKKCRNAPYSTDLCNQETSAFIVYLEKQNCSTKSWIRNWRKKNCKDQNWSCVKCIKSRVYFEEMPSDSDIPYEAAYSIHINDLEDENGDVIPSNAADSLDFLESDMMDNMENNNESNAMIVMGNVTGILQIQDTNTQTEDMTICYSSNNTMVIMSQNDMNTGCLWTAIFPSEAFNKSRLENNGSAFVGVLRFTNMGNKNQTKNYTILNNEVYGITMGANIANLTNNIEITFTNKDLVGGPSSCTSWNGKGNLEWTTTGCETKMINSKSIKCSCSHLTFFAVLMSPVTDANAVAPYLESLTLISAIGCGISVFFLAFALFIHFLLRKAKSNQATKILINMFGALFLLNVSFLSNESVANSGDKNACVFIALLMHYSMLTTFTWFFIQALHMYLWLIRQNVTITNYMRKITVLGWGFSAPAVIAVVSVGGYNKVTLTASSGKIAQMCWITNPLIHYVLNTGYYIFVFIFTIGIFITILTRIIQSRRIRATEGKRQTFRKQLMMVLSLFLLFGLTWAVAFFSYGPMLIPSYYIFCALNSFQGFFLFLYYYHIHKDAAGHFSDDPKSSGSVTTIVPPDNSNNNAEEHVYDEPH	XP_073784080.1       -            716 FAMILYB1             -            457   3.5e-20   74.1  22.3   1   1     4e-22   6.8e-20   73.1  22.3   135   398   420   678   399   690 0.83 adhesion G-protein coupled receptor G1 isoform X1 [Danio rerio]
XP_693839.5	1016	565465	18	20	NC_133195.1	38805241	38785858	>Dre_XP_693839.5_UNKNOWN MHTVRIKTLSGAGMLLFAALFIISQTSQAGSTDVTYWAEVMIEGNKTLNVADYLPGLIGTVLDTGVTITGAEIAAECEIVGQNTTCWCGPGYVWSNYVCDNVNKCCNVYQCVANISNFTPLCLPIANVSLIGTLTGSSSSVQTMLTNAFNVLNAFNSLTMQASLLTGLNTYSHNFTVSLGAVFATSKVQGIITTLLTNPAIYTLNVKTLGLVYIEAPAGKLCYNSRQQLNCTSIEAMSKCVWQMSRGDEAPLTLGPGSEIMLSDTCTEMSAVTLLKTNGYWSGTYSCLFVTDNVAHMAMAPVDIALLPEASNVTSNPQTIDCSASSTTKVTITCSIFNSTETYKSQLKLGSMENLTPTKLESNGLIKYSADFTVNCLATGKPPSLTASCVLVNSLNQQRNFSASVSVIYPNDLFCAAEVISTRTWPKTKNNDTAVIDCTATGRQGTLTRKCNGKTWGQEVSLCVKAFLSNVASQASDFEKGLGATQGGAQYIFQSLKNNTASEEDGENSFGDISTAVNVFQTMKAASVNVPLGENLLPDFLESASSILNGSWEVGDKTQSGALASQYLSSVEGLVKSIRINTSEGYNASNIQLQVCKGGSGCNKTIFNVDIEVNATADMVKTVGLQSLANLLPKVGYENSLFPSIVVSSTVENNTQASVNIRLAFPNEEGINAAMQCVFWNVSEERWSDEGCVYVKGRGGEGYCQCNHLTSFSMLMSKYPISMPFLDQLTYIGLGVSICSLLAYIIIEFLVWSAVVKSNLSHFRHTALVNIALSLLLADCSFLASSFPSILNETLCLVLVVAKHYFFLAMFFWMLCLSLMLVHQLIFVFSRIGKKVYMILGFTIGYFCPTVTVAVTYVYYEEATSIPYYSSKTCWLTYQSPMQGSIHAFLFPVGTIVLVNMCSMLVVIATVLKPSGAETNKKGDKDAAKSIIKVILFLTPVFGGTWILGLFVFLIDDSSQFITYLVNYLFTILNSLQGFFILLTGCFAEKRVRDEILKIIVGKSAKEQNTTTSVAK	XP_693839.5          -           1016 FAMILYB1             -            457   7.9e-20   72.9  18.6   1   2      0.94   1.6e+02    2.7   0.6    53   103   408   454   379   467 0.82 adhesion G protein-coupled receptor F5 isoform X1 [Danio rerio]
XP_068073930.2	505	103911493	12	17	NC_133192.1	1936769	1944006	>Dre_XP_068073930.2_UNKNOWN MMVNRTTPPISPDGTIDPSEASGVLNTLESLLDDIKNSNKSNAGIVMGEVIGVIQLQDKNTKRKDIDICYSSQQNLMNVVETNQKTDFPWSVKIPSEAFDKSSLQNNGSAFVGVLRYPNLGKKDETKNYAVLNNEVYGITMGANISNLTNNIEMTTKLKTSVGNASCTSWDGNGNLEWTTFGCETEMIDNNTIKCSCSHLTFFAVLMSVPDASAVAPYLDSLTLISSVGCGISVFFLAIALFMHFLLRKAKSNQATKILINILVALFLLNVSFLSNESVANSGDKNACVFIALLMHYSMLTSFTWFFIQALHMYLWLIRQNVTITNYMRKITVLGWGVSMPIVVAVLSTGGYKAVTLSSTSGKIARMCWITDLFIQYIVNIGFYSLVFIFTTIIFIIIVTNIFQSRDIRATEGKRLMFRKQLMMVLSLFLLFGLTWAVAFFSYGPMLIPSYYIFSVLNSFQGFFLFLYYYHIHNDVAGHFSDDPGSSSTTSSIVKVSNAVDNIYN	XP_068073930.2       -            505 FAMILYB1             -            457   1.2e-19   72.3  22.9   1   1   1.1e-21   1.8e-19   71.7  22.9   135   404   216   480   164   494 0.82 adhesion G-protein coupled receptor G2-like [Danio rerio]
XP_073784077.1	716	137489735	19	17	NC_133192.1	1995529	2024388	>Dre_XP_073784077.1_UNKNOWN MSVGIMSGQKLNVLRLIMMMMMMILCCLTGLINSSEKILIGPKLPGPCLHENKKNWPDIKICFKDCKQQIQNYICAINASLNTPSIGHCQKDHKEYSLNINFVGDHHYEVKMNQTYDIELMVFPMTCTLKQILCSENTVTCAINTITNCPKGGCDDKIPSVKIKDKCEKATYNATTCSGGDLNKYILRSDGTNWVCEICENIPRKNITIVGLTDNKGWTNPLKAVEAMKILESQREDMEQNNITKAAVDMGNVTALLYLQAKNTETRDTCFFSDLDTIDDGDCQSYLNRDLPWSLKIPSEAFNKSRQKNNGSGFVVIVPFKNMEKKNVTNNYTVLNNEVYGITMRANISNLTSNIEMIITLNNLDGNATCTSWDGKGNLEWTTFGCETERIDSNTIKCSCSHLTFFAVLMSPVIDANAVAPYLESLTLISAIGCGISVFFLAIALFMHFLLRKAKSNQATKILINMFGALFLLNVSFLSNESVANSGDKNACVFIALLMHYSMLTSFTWFFIQALHMYLWLIRQNVTITNYMRKITVLGWGFSAPAIIAVVSVGGYNKVTLTASSGKIAQMCWITNPLIHYVLNTGYYIFVFIFTIGIFITILTRIIQSRHIRTTVGKRQTFRKQLMMVLSLFILFGLTWAVAFFSYGPMLIPSYYIFCALNSFQGFFLFLYYYHIHKDAAGHFSDDPKSSGSVTTIVPPNNSNNNAAENVYDEPH	XP_073784077.1       -            716 FAMILYB1             -            457   2.1e-19   71.5  22.6   1   1   2.4e-21     4e-19   70.6  22.6   135   398   420   678   377   690 0.83 adhesion G-protein coupled receptor G1 isoform X1 [Danio rerio]
XP_073779155.1	692	137487415	17	2	NC_133177.1	7827298	7848831	>Dre_XP_073779155.1_UNKNOWN MAFCLHEGFFKVQAIISVVLYVLASATVTQETTIGVHPTDPCYTYTELDDPWRNISETQSSQTCGTWSGWYRLLINGLSAYIPDMCVEDFICGSYVPLWIRGGHPTVTDGVVARNVCTHWNDSCCCYQFPIAVKACPGNYFVYELNDPIFCSAHCTDINVILQESCTNQTPEECLEDLLEQIDSITAEVLPLNTVTSLLNMVLEATEKILESPQSASQTELAYYGNRVLKTSEKLISSLVKPTKTSANVSFTLSSVEGRVFMVGPHVTFDEIPPLITSNSSVDIDLVGIAKNNNEKSAAVGFMSYITMENLLKADFFNTTNNTINTMMSTVISVTLPKTTNTKLTKPVNFTFRHIRKFDPSGSLSCVYWNSSEWIVDGCSVINTNSIFTVCSCVHLSTFALIMQTSSRPPKSNSMLDLLNLMCVIVGLLFFILALLTFALCQWSPGVNNVARINICISLLLAHLLFLLTQLLLSRIHPKPVLCKVMAGLLHFLFLSGFVWMLIEAVLLFICVKNLSQIRSKKREVLNSGFLCVIGYVVALVVVGVSAAVVPNGFGSERCWIKTDEGFIWSFLGPVCVILSLNMILMIIIGFSLNSTLMKLNAEVSQLKQTRIMVFKTISQFVVLGCSWILGFFTESSEVLEIIFLILNSQQGTFIFLIYCFFNNEIRQQYWKCFTSLCSRRKTNEGTKNAKD	XP_073779155.1       -            692 FAMILYB1             -            457   9.9e-19   69.3  26.4   1   1   8.5e-21   1.4e-18   68.8  26.4   130   422   405   688   369   692 0.82 adhesion G protein-coupled receptor E3 isoform X1 [Danio rerio]
XP_021333226.3	484	110439897	11	1	NC_133176.1	59211605	59218177	>Dre_XP_021333226.3_UNKNOWN MALNTSAVVLPSTDSKELVANGNRVLQASEKLLSALVKPTETSDNVSFTLDTVEVKVFSIGPKFASEQFPQLDTKTASMDIDLIGIAKSNEEKGTAAVAFMSYTTMENLLKADFFNTTNDTIKTMMSTVISATLPKTSNTTLTKPVNFTFRHIREFDPNGSLSCVYWNISEWIVDGCSVLNSNSSHTVCSCVHLSTFALIMQTSSSPPPSDLLDLLGLVCVIVGLVFFSLALLSFALCQWSPGVNNVARINICISLLSAHLLFLLTQQFLSLIRPQQVLCVVIAGLLHFFFLSAFVWMFIEAVLLFICVKNLSQISSKKKEVLSSGFLCVIGYVLAMVVVCVSIGLVPEGYGSEHCWIKYDKGFIWSFLGPVCVILALNLILFIRIVIYLNSALSKLNAEISQLKQTKVMVFKTLVQFVVLGCPWILGFFTNSSEVLEIVFLILNSQQGTFIFLIYCLLNNEIRQQYWKCFTFLCSGHKPSKIN	XP_021333226.3       -            484 FAMILYB1             -            457     1e-18   69.2  25.1   1   1   8.1e-21   1.4e-18   68.8  25.1   153   407   225   470   175   481 0.76 adhesion G protein-coupled receptor E3-like [Danio rerio]
XP_073762995.1	674	101883848	20	1	NC_133176.1	58965537	59006173	>Dre_XP_073762995.1_UNKNOWN MENVKISLSIVPQKAVDCGWIWAVFYRQPDAEKKEDKHSSQNRQSFNCADKALQLMLVAYNIAIGQCQKSYYCSPLANTSTCANTSSYVERACLGQNTACMAYSCNSKSSGCSCKLGSYNCSINCNYDIYSDLCDCRADTHSCTCLGDMTTSVGSPNQTVASTTNLLNLISNMSGQLSPTDAGNFLSVVDAAQMKVSTSDSPVEKSTLVSFGNAYLNAFENLVSALVVATDNMTVKNIALNNTEVTVLAIGVNASAADIPPIYTKTAQLEIDLIGIAKQSISKSASVAFVSYSAMDSILKPDFFNTSENTVKTMMSTVISATLSQTNNTALTKPVNFTLKHIQGFNPKSSLSCVYWNDSEWIVDGCSVLNSNSSHTVCSCVHLSTFALIMQTSSTPPESSDLLELLNLVCVIVGLVFFSLALLSFALCQWSPGVNNVARINICISLLSAHLLFLLTQQFLSLIRPQQVFCVAIAGLLHFLFLSAFVWMFIEAVLLFICVQNLSRISSKKKEVLSSGFLCVIGYVLALVVVGVSIGLVPEGYGSEQCWIKTAEGFIWSFLGPVCVILALNTIFFIKIVLTLNSTLKNLNAEVSQMKQTKILAFKTLSQFVVLGCPWILGFFINGSEVLEILFLVLNSQQGTFIFVIYCVLNNEIRQQYKNCFTCLCSGHSIKCNK	XP_073762995.1       -            674 FAMILYB1             -            457   2.4e-18   68.0  26.0   1   1   1.4e-20   2.4e-18   68.0  26.0   121   412   379   665   339   674 0.79 adhesion G protein-coupled receptor E1 isoform X1 [Danio rerio]
XP_021322955.3	997	101886922	18	17	NC_133192.1	7700546	7734968	>Dre_XP_021322955.3_UNKNOWN MLSRFCFPEKSTLIYYIELEFESTVDVNVTAFLDQLKRIDLSKATVKQFNPTTNCNLTETNKQCQCMPGYKWSDDMDCTNECELNINTTAVCLSSNKVSIDGTTTDTSMDCSLLCDQSKVNSAEHKKLLQNRTTMLVEKYSTLDYFNSLVITGYGWGSLVLNYTVIYLGPVSIDDLQKVVLQVDNTKLVTKGLIDIKINNSQPVDIYSSATIICTPPPNIGSVTVKWYLTNSQNKTTEITDGIEATLTTNQNKISTVQLNNFSESWKGTFKCVYAIYGISHTASEQLDVALLPNIQALSNPQFPICTSLSSTSFKVYCNISADSENYTVTWNHSTSSTTVDTAGNRISYIAYVTILCDSKETLNVACTFINTRSKNNLNRTQNVQIPIIYAYSTVCDPEGGWPIAKSGYTATMPCDNSGVGWRTRKCNGTRWSTEISTCVNANLFDIKTDVQELNKGIGFIKDNADQLFQRINDSTTLRTFTFPNIETSVNIFGVMNDVSTRQQNQWNDTVMSKLVSSASNLLNDPSGWQNPENKSIFISVEYLKTIERMMNNSNLISNTPYISSNAQMALCNHTSPADICKTFNASVRNSDNSVVVFGFRNLYQILPKAEGNDSNTTILSVTPVNANNTNRSITLEFDSAKQRLPNHMIYCVYWDENLNEWSSDGCRWAGVDNPTLCICDHNSAFTILMSKNAETLPYMDELTYAGLGISILSLLACLIIKVLVWDAVVKSPISNFRHVALFNISLCLLLAHCMFLTTSKPESIPPNWCSILTLIKHFFFLAVFFWMLCLSFVLLHQMIYVFDRLRKKVFLGLSITVGYACPIIAVAVTYISFNNGAEGEYYSKSTCWLTYKGTLKGSIFAFIIPIGAIVFVNLFTLAVVIMKIATPSISEAKARDEKDVAKSMIKTIVFLSPVLGLSWVLGFFVLGLDLTVKPWAALVNYSFTIFNSLQGLFILLTNCVGEKKVRDALLKRFKIKQSVHSKTESSSKAQSSIMRK	XP_021322955.3       -            997 FAMILYB1             -            457   3.7e-18   67.4  13.9   1   1     5e-20   8.4e-18   66.2  13.9   122   428   678   994   661   997 0.75 adhesion G-protein coupled receptor F3 isoform X1 [Danio rerio]
XP_073784065.1	858	101883444	22	17	NC_133192.1	1809891	1918040	>Dre_XP_073784065.1_UNKNOWN MKVSLLWSVGIMSGQKLNVLRLIMMMMVMICCLTGRITSNKIMIIRDNLTDPSGQSLCESAYPGLNVTCPQAYEILIGKFCMMHVKPNSSSIGYCKSSTTITHTFNILNNGGEYTVLMNDTGAGIQMWFLQNTSELLQCDFLKSTGFTSNLTSCITTQTTGNPNTTTESLTTTQTTGNPNTTTESLTTTQTTGNPNTTTESLTTTQTTGNPNTTTESLTTTQTTGNPNTTTESLTTTQTTGNPNSTCTNKACTFKGCLNIRNVDPAQECTNAPFSNDTCIGKEGNRYFLHYNGSAWTCVSCIDDNSTTTANYTNNCTTSTPTTQSPTTSSTPHITPTQSNPYTTAVSTVSKPEMMVNITPPTISADGTIDPSKASEVLNNLKSLLDDIKNSNKSNAGIKTGDIIGVIQLQDEKTNRKDVDICYSSQQDLMNVVETNQKTDFPWSVKVPSEAFDKSSLENNGSAFVGVLRYPNMVKEDETKNYTVLNNMVYGITMGANISNLNNNIEMTIKLKTLVGNASCTSWDGNGNLKWTMFGCETEMIDNNTIKCSCSHLTFFAVLMSVPDASAVAPYLDSLTHISSVGCGISVFFLAIALFMHFLLRKAKSNQATKILINILVALFLLNVSFLSNESVANSGDKNACVFIALLMHYSMLTSFTWFFIQALHMYLWLIRQNVTITNYMRKITMLGWGFSTPIVVVILSIGGYKTLTLNSTSGKIVQMCWITDLYIQYIVNIGFYSLVFIFTTFIFIIIVTKIFQSRDIRATEGKRLTFKKQLMMVLSLFFLFGLTWAVAFFSYGPMLIPSYYIFSVLNSFQGFFLFLYYYHIHNDAAGSFSDDPGSSSTTTSIVKSSNPVGNLYN	XP_073784065.1       -            858 FAMILYB1             -            457   3.7e-18   67.4  24.7   1   1   6.2e-20     1e-17   65.9  24.7   135   398   569   827   516   836 0.80 uncharacterized protein isoform X1 [Danio rerio]
XP_073762664.1	869	141375099	22	1	NC_133176.1	59135807	59156561	>Dre_XP_073762664.1_UNKNOWN MAMASSLHEGFIFGVLYILTHNLSSITTTAETTTNASLTDPCYNYTILNDSWRSVNNTDYLLHLNFKCDTSFSWSGWYRLFINSQSAHVPDTCVEKGHCGSTTPLWIYGGHPTVEDGVVTRDVCGHWDNYCCFFWSYPIKVKACPGNYYVYELPSPAVFCSGYCTDVGSVSTSSASVTTATVTAYPFADPCHNYTVLDNLWRANSSQPTKSVSMCDRSVSWSGWYRLFINGLSAQIPDTCVQKFSCGTDTPLWIRGGHPTVEDGVVTRDVCGNWKNYCCYYGSFPIRVKACPGNYYVYELLKPTTCNLTYCAVVSSITSTSTTVTPQTSLPVITLLSGCASSGGCLQNVLAQIENITAEVLPLNIVTDILAMAFNESEKISVSSSSSSSSSSSSSSSSASASPAQLASSGNRVLKTSEKLISTLVKRTETSATVSFTLAAVEGQVFMVGPQVTLDKIPQLTTTNSSVDIDLIGIAKNSNEKSAAVAFMSYTTMENLLKADFFNTTNDTIKTMMSTVISATLPKTSNTALTKAVNFTFRHIREFEPSGSLSCVYWNISEWIVDGCSVLNSNSSHTVCSCVHLSTFALIMQTSSSPPESSDLLDLLNLVCVIVGLVFFSLALLSFALCQWSPGVNNVARINICISLLSAHLLLLLTQQFLSLIRPQQVLCVVIAGLLHFLFLSAFVWMFIEAVLLFICVKNLSEISSRQREVLSSGFLCVIGYLVALVVVCVSIGLVPEGYGSEQCWIKYDKGFIWSFLGPVCVILALNLILFIRIVIILKSALTKLNAEVSQTKQTKVMVFKTLGQFVVLGCPWILGFFTNGNEMLEILFLILNSQQGTFIFLIYCVLNNEIRQQYWKCFTFLCSGRKQR	XP_073762664.1       -            869 FAMILYB1             -            457   1.4e-17   65.5  26.6   1   1   8.3e-20   1.4e-17   65.5  26.6   130   407   590   858   558   868 0.79 uncharacterized protein isoform X1 [Danio rerio]
XP_073801130.1	738	100538238	18	3	NC_133178.1	54898705	54939607	>Dre_XP_073801130.1_UNKNOWN MRRVYLLSLGLLFVVIEEIIMQDCLAGYNKQKGKCVEIDECERELLVCGENANCFNTAGSYYCQCHGGFRAEGNKPPFNFTQADGIQCKDIDECVGGSNICGPNAECINNEGDFACKCRSGFTANNGMLIFVVRQGVQCVDINDCVDGNIDCGSDAICVNTEGGYYCTCESGFISSSGNRTFLAGLDIQCVDSKIASQEGCTNHTSKVCLESLLEQTENIKDKELPLDTVTSLLNMVLDAAVNISESSSSAKPNELASYGNRVLKNNEELVSTLVKPTNTSANVSFTLDDVEGRVFMVGPHVTLGQIPRLHTTNCSIDIDLIGIAKNNNETTAVVFLGYNTMENLLKADFFYSTNDTVNTMMSSVISVTLPKTTNTALSKPVNFTFRHIRGFDSSGSMHCVYWKISEWIVDGCSVLNTNRSFTVCSCVHLSTFALIMQTSSHPSENDSLLNVLNVVCVIVGLLFFSLALLTFAFCQWGPGVNNVARINICISLLLAHLLFLLTQQFLSLIRRQQMLCEVISGLLHFLFLSGFVWMFIEAVLLFICVKNLSQISSQKRNVLRNIFLCVIGYAVALVVVGISAAVVPKGYGSEKCWIKMDKGFIWSFLGPVTVILALNVILFIGIGVSLKSAFKKLNSDVSQLNQTKIIMFKTLAQFVVLGCSWILGFFTNSSKVLEILFLILNSQQGTFIFLIYCVLNKGIRQEYRKLFTSLYCGLKPKNINWTSENTEDSTIQGLQMK	XP_073801130.1       -            738 FAMILYB1             -            457   5.7e-18   66.8  25.2   1   1   5.7e-20   9.6e-18   66.0  25.2   125   412   430   712   403   736 0.81 adhesion G protein-coupled receptor E3 [Danio rerio]
XP_073763566.1	518	799479	12	7	NC_133182.1	70349918	70373534	>Dre_XP_073763566.1_UNKNOWN MKGLYCFVVWIFSSTIWTGAVYRKPTCHSVLDNCMKSGDVLQCMEQKMKNCSAIRPRIPTPNYFVKSIDSLVKSLDTEKGYVINISDEALQRSRDGLENSSSEDVKLKVYLLDESLFKITSSSEIKEGNDLNGSDPVLLKQSVLGVWLGTTEVNNLSQPVQLKFRNTHNQTENGICVYWHLEKNGGGNWSTDGCKTNIDNGDFVCSCNHLSFFAVLISPQIPEKSHIVHLNYISYVGSALSIAFTSLVIVLFLCQRKKQCEHSLVIHVQLSSCLFLLHISFLCSVWFSGHSDSDSVCQTIGLLLHWCLLATFTWTAIEGFHLYLLLVRVFNIYIKRYMLKLSLMGWGVPTVTAMICGMTKVYGKYTLYTDQENSTATSLCWVTTNTVIYITVNGYLGLVMLFNMAMLAVVVVKMRQLRQQNVQIDHQKRAWKDCVSLLGLCFVLGVPWGLAFSTHGPLSLPALYVFTILNSFQGVFIFLWILTLTCKARKEKQTSSKGTIQVSYLSNEEYVTSKTTNS	XP_073763566.1       -            518 FAMILYB1             -            457   7.9e-18   66.3  20.8   1   1   6.8e-20   1.1e-17   65.8  20.8   133   389   222   477   184   506 0.81 adhesion G protein-coupled receptor G3 [Danio rerio]
XP_017212200.3	859	110437794	20	1	NC_133176.1	59006263	59031026	>Dre_XP_017212200.3_UNKNOWN MTMTGIILHKRFLKGLSTISVIMQDSTLILAFLMVAPVMSTAANLTDPCYNYTVLSNSWRSVNNTNNGYNCDQSVSWSGWYRLFINGLSAHIPDTCVAVSRCGTDYPLWIRGGHPTVEDGVVTRDVCGNAGSYCCYFGSFPIGVKACPGNYYVYELLKPTTCNLAYCADVGSVINSSTAATPVIITPDPCYNYTVLDDPWRANSRQPSKPVTMCDQSVSWSGWYRLFINGLSAQIPDTCVAVYSCGTTIPLWIRGGHPTVEDGVVTRDVCGCDGGYCCYLGSYPIRVKACPGNYYVYELLRPTTCNLAYCAVVSNMSSTSTTVTPQTTSSAVINITLQEGCSNQSSGCLKNLLEQIENITAQELPLNTVTDILTVVFNASEKISVSSSSASPAQLASYGTKVLKSSEKLISTLVKPTETSANVSFTLAAVEGQVFMVGPQVTLDKIPQLDTTNSSVDIDLIGIAKNNNNRSAVAFMSYTTMENLLKADFFNTTNDTIKTMMSTVISATLPKTSNTALTKAVNFTFRHIREFDPSGSLSCVYWNISEWIVDGCSVLNSNSSHTVCSCVHLSTFALIMQTSSSPPPSDLLELLDLVCVIVGLVFFSLALLSFALCQWSPGVNNVARINICISLLSAHLLFLLTQQFLSLIRPQQVLCVAIAGLLHFLFLSAFVWMFIEAVLLFICVKNLSQISSKKREVLSSGFLCVIGYVLAMVVVCVSIGLVPEGYGSEHCWIKTDEGFIWSFLGPVCVILALNLILFIKIVITLNSTLKNLNAEVSQMKQTKVMVFKTLGQFVVLGCPWILGFFTNSSEVLEIVFLVLNSQQGTFIFLIYCVLNNEIRQQYKNCFTCLCSGHGIKCNK	XP_017212200.3       -            859 FAMILYB1             -            457     1e-17   65.9  23.3   1   1   6.2e-20     1e-17   65.9  23.3   147   410   594   848   550   859 0.76 uncharacterized protein isoform X1 [Danio rerio]
XP_021333205.2	857	100536619	21	1	NC_133176.1	59031087	59062880	>Dre_XP_021333205.2_UNKNOWN MTMTDIILHKRFLKAPSTISVIMQDSTLILAFLMVTPVMSTAANLTDPCYNYTVLSDSWRSVNNTNNGYCDNSVSWSGWYRLFINGLSAHIPDTCVAVFRCGTSYPLWIRGGHPTVQDGVVTRDVCGNTGGFCCYYGSYPIGVKACPGDYYVYELRSPTFCNSAYCADVGSVIISSTAATPVIITPDPCYTYTVLDDPWRADSSQPSKPVTKCDTSVSWSGWYRLFINGLNAHIPDTCVEQYSCGTEIALWIHGGHPTVEDGVVTRDVCGYAGGYCCFYGSFPIRVKACPRNYYIYELLRPYFCTSAYCAVVSNMSSISTTVTPQTSSAVINITLQEGCSNQSSGCLKNLLEQIENITAQELPLNTVTDILTVVFNASEKISVSSSSASPAQLASYGTKVLKSSEKLISTLVKPTETSANVSFTLAAVEGKVFMVGPQVTLDKIPQLDTTNSSVDIDLIGIAKNNNDRSAVAFMSYTTMENLLKADFFNTTNDTIKTMMSTVISATLPKTSNTALTKAVNFTFRHIREFEPSGSLSCVYWNISEWIVDGCSVLNSNSSHTVCSCVHLSTFALIMQTSSSPPPSDLLELLGLVCVIVGLVFFSLALLSFALCQWSPGVNNVARINICISLLSAHLLFLLTQQFLSLIRPQQVLCVAIAGLLHFLFLSAFVWMFIEAVLLFICVKNLSQISSKKREVLSSGFLCVIGYVLAMVVVCVSIGLVPEGYGSEHCWIKTDEGFIWSFLGPVCVILALNLILFFKIVITLNSTLKNLNAEVSQMKQTKVMVFKTLGQFVVLGCPWILGFFTNGSEVLEIVFLIFNSQQGTFIFLIYCLLNNEIRQQYKNCFTCLCSGHSIKCNK	XP_021333205.2       -            857 FAMILYB1             -            457   1.2e-17   65.7  23.5   1   1   1.3e-19   2.2e-17   64.9  23.5   147   412   592   848   548   857 0.76 uncharacterized protein adgre15 [Danio rerio]
XP_073762768.1	833	103909395	17	1	NC_133176.1	59121215	59134553	>Dre_XP_073762768.1_UNKNOWN MITIVTNITNILILLTANLSDPCNNYTVLDQPWRAYGNSYSEVKNRKYDNFVSWSGWYRFFINGASAHIPEMCVAIHGCTTDMTLWIRGGHPTVGDGVVARDVCIHWYNYCCINLFPIRVKACPGNYYVYELVEPISAFSAYCTDVGSVVTVIPEIISPDPCFNYTVLDNTWRANSSQPSKPVSMCDRSVSWSGWYRLFINGLSAQIPDTCVAKCSCGTDYPLWIRGGHPTVKDGVVSRDACGNDGNDCCTYGVFPIKVKACPGNYYVYKLLSPTTCPSAYCAVVSNISSTSTTVTPQTSSAVINITLQEGCSSQSSGGCLKNLLEQIENITAQELPLNKVTDILTVAFNASEKISVSSSSSSSSASPAQLASYGTKVLKSSEKLISTLVKPTDTSANVSFTLAAVEGKVFMVGPQVTLDKIPQLYTTNSSINIDLIGIAKNNNDRSAAVAFMSYTTMENLLKADFFNTTNDTIKTMMSTVISATLPKTSNTALTKAVNFTFRHIREFEPSGSLSCVYWNISEWIVDGCSVLNSNSSHTVCSCVHLSTFALIMQTSSSPPPSDLLELLGLVCVIVGLVFFSLALLSFALCQWSPGVNNVARINICISLLSAHLLFLLTQQFLSLIRPQQVLCVVIAGLLHFLFLSAFVWMFIEAVLLFICVKNLSQISSKKKEVLSSGFLCVIGYLVALVVVCVSIGLVPEGYGSEQCWIKYDKGFIWSFLGPVCVILALNLILFIRIIIILKSALSNLNAEVSQMKQTKVMVFKTLGQFVVLGCPWILGFFTNSSEMLQILFLILNSQQGTFIFLIYCVLNNEIRQQYWKCFTFLCSGRKQR	XP_073762768.1       -            833 FAMILYB1             -            457   1.6e-17   65.3  25.4   1   1   1.4e-19   2.4e-17   64.8  25.4   147   407   571   822   527   832 0.76 adhesion G protein-coupled receptor E1 isoform X1 [Danio rerio]
XP_073801122.1	893	137490062	63	3	NC_133178.1	54726360	54877021	>Dre_XP_073801122.1_UNKNOWN MRCVWLIIGKPESRINLAFNDLSIEEDYDFLSIKDGGKAESPSLGTFSGDVLPLPITTCGHVARLEFLTDHSVTDRGFNITFTNINECEDVNPDCGSNATCVNTGGGYYCTCEFGFNSSSGNRTFLAGSGVQCVDINECVEENTDCGSNATCVNTGGGYYCTCESGFFSSSGNKTFLAGQGVQCADIDECVNTSINCGPNAECVNNQGGYACRCRTGYTPNNGMETFMVGQGVQCGDEDECEQELICGENANCFNTVGSYYCQCRTGFIAEGTKPTVNFTQADGIQCKDINECVEENTDCGSNAKCVNTGGGYYCTCESGFSFSSGNKTFLAGSGVQCVDLKRTLREECTNHASKVCLENILEQTENIKDEELPLDTVTSLLNMVLDAAVNMSESSSSSSSSLANTNEVTSYGNRLLKSNEELVSTLVKPTNTSANVSFTLADVEGQVFMVGPHVTLDEIPRLHTTSCYIDIDLIGIAKNNNETTAVIFLGYTAMENLLKADFFNATNDSVNTMMSSVISVTLPKTTNTALSKPVNFTFRHIREFDSSGSMHCVYWKISEWIVDGCSVLSTNKSFTVCSCVHLSTFAVIMQTSSHPPESDSLLNVLNVVCVIVGLLFFSLALLTFAFCQWSPGVNNVARINICISLLLAHLLLLLTQQFLNLIRRQQVLCALISGLLHFLFLSGFVWMFIEAVLLFICVKNLSQISSQKKEVLRHRFMSVIGYVVALVVVGISAAVVPNGYGSEKCWIKIDKGFIWSFLGPVTIIIALNIILFISIGISLKSAFKKLNADVSRLKQTKIIMLKTLAQFVVLGCSWILGFFTNSSKVLEILFLILNSQQGTFIFLIYCVLNKGIRQEYRKLFTSLCCGLKPKNINWTSENTGESLVQGPGQEMK	XP_073801122.1       -            893 FAMILYB1             -            457   2.2e-17   64.8  25.6   1   1   1.3e-19   2.2e-17   64.8  25.6   130   410   592   863   557   886 0.82 adhesion G protein-coupled receptor E3-like isoform X4 [Danio rerio]
XP_021330419.2	688	108182849	17	3	NC_133178.1	54642081	54695871	>Dre_XP_021330419.2_UNKNOWN MMHIYLLSLGLLFALIEHSIMQDCSDGYKKQRGKCVDEDECEQELICGENSNCYNTVGSYYCQCHTGFIPEGTKPTVNFTRADGIQCKDFNECLNTSINCGPNAECVNNEGGYACICRTGYTPNNGKQTFFVGQGVQCDDLKGALQEGCTNHTAKVCLENLLEQTENIKDEELSLDTVTSLLSMVLDAAVNIHMSSSSANPNELTSYGNRVLINNEELMSTLVKQTDTSANVSFTLADVEGRVFMVGPHVTLDEIPRLHTRNCSIDIDLIGIANNNNGTRSAAVIFLGYNTMENLLKADFFNATNDTVNTMMSSVISVTLPKTTNTALSKPVNFTFRHIREFDPSGSFSCVYWNISKWIVDGCSVLNTNRSFTVCSCVHLSTFALIMQTRSHPPESDSLLNVLNVVCVIVGLLFFSLALLTFTRCQWSPGVNNVARINICISLLLAHLLFLLTQQFLSLIRRQKVLCMLISGLLHFLFLSGFVWMFIEAVLLFICVKNLSQISSQMKNVLRNKLLCVIGYAVALVVVSISAAVVPNGYGSEKCWIQMHKGFIWSFLGPVTIIIALNVILFISIGFSLKSAFKKLNADVSQLNQTKIVMFKTLAQFVVLGCSWILGFFTNSSKVLEILFLILNSQQGTFIFLIYCVLNKGIRQEYRKLFTSLYSGLKPKNFNWSSENTEDSTIHGLQMK	XP_021330419.2       -            688 FAMILYB1             -            457   3.1e-17   64.4  25.9   1   1   1.8e-19   3.1e-17   64.4  25.9   131   416   390   666   357   686 0.81 adhesion G protein-coupled receptor E3 isoform X1 [Danio rerio]
XP_021335026.2	1354	100331278	32	10	NC_133185.1	31566151	31602688	>Dre_XP_021335026.2_UNKNOWN MKKCPTGISDTCMCSIWWKMGKHSKQVQALSIFLILCVIKSKDEVTAVSLWGKKVDFMQNNCSYWELKKEHKFPTLKALSVCVNIKKKLGNSDWTAFMYLHPDKTHTELGMRGYGSELHVTMFGRVWITPQDLSLHNWHSICMTWSKAMTKPKVYLNGTEVVLYSQSKDVALHPNCCTVAAGGTLTLAVAHFFVNDKFDIETGTDLKGSISLFRVWGHVRSAQEISEMACYDGDVLHWEERIWKKVKNCQPLQDVTQECDWPFYEVKLVLLILREDGNKTHDYDAKEVAHQLLTQALAELELWPTYIYLNSVRVFPKGGSHSGNPEKRSITLWSTMPGLSQFDCVAHINVIPRADVGKIQEEVSKVLAKDREIDQYRISTDPGFIFVYPLDHLLPDPETKPTIKVPTSFPPTTQTTPSTTPEPMTTTITAKTESTTAIQLETTTVISSSTETTIPSSLPSIQTTLAESSSTLKETTLLSSTTILALNTTACFSTALPEGNKSDIFFKVNVNVTIKGPGEPKNIIQLWLNETLSSKGISVLNFKLIPSSTHTRKRSVDTNAFMVDRKSPLHSGTRHSCVFHARVTTSSNITETQILIHRLLEKTYCSGFVCLDAKPEDILISYIVPCPEHNHYTRQGLFRWPQTVAEHNISHPCEGNPSKTAYRQCYLDADSNSALWTSPDLGQCQVVVHSVSDLEDITVTNDNAEDILIMIEDLIHEKKHLDESELSTVLNKLADVINVSTITPPLGEVIINITSDILQSDSNLLPFTNSILNITESVGDQMLGFKGESVSLTAPALAISVVNIDQGNFQNLTFGVSSTNKGFIPEIYINQEPFDGTVAFISLPSEIQERFPIINDSSPRIQFQFYGVPALFQTKDDPDGKKLNTFVVSASVTNATGPIENLKEYVAVTLHHLQTKTKDQDVHCVYWDFNKNDGYGGWSPKGCWTYNISKDYTTCLCDHMTHFGVLVDVSRTPIDEKNERILTIITYMGCGVSSCFLGITVLTYTLLEKLRRDYPSKILLNLSLALLGLNLVFLLNSWISSFGNYGLCIAVAATLHYFLLTSFTWMGLGAVNMYFALVKVFNVYVPSYILKFCLLGWGIPLIICGLVLAIKRDAYGLSDSQSTLDDSEMFCWVKNDVVFYVSVVSYIAFILLCNGSIFLVVLIQIRNMQVNQPAGTRSGILKDLRAVASLTFLLGLTWSVAFLAWGPVKVFLLYLFSIMNSLQGFFIFVFHCLVKENVRKQWRIHLCCGAFKLQEYSEWSQTATVVPKHKPNPPNTFSFMASVRSIKSNSTQSSTVSSESSQRQVTITRPDLGFVYENSLAIPRARAGLSHEVSSTTASGFEFPSRSWKNGFDN	XP_021335026.2       -           1354 FAMILYB1             -            457   1.4e-16   62.2  13.9   1   1   8.5e-19   1.4e-16   62.2  13.9   114   423   947  1263   934  1311 0.76 adhesion G-protein coupled receptor G4 isoform X1 [Danio rerio]
XP_021329059.2	793	563883	27	20	NC_133195.1	49706613	49778501	>Dre_XP_021329059.2_UNKNOWN MKWKTIGLLLILPALISADSSNHCSSDMQENLANMIKNNKNSPDMMDFFIFGADGFVGYMKSGTCKNGAWDPSPGSSQCNLSDWSGTCRKDVWNPVSLSELCRQNGDAALTVLTYLQMNSLQGTCKNGTWVPSPSSSRCNLTGQSEKNSSICVFPIDGSSTSENATIFRSDLGVSFPRKDTAYTDQYQLNISRSVLPTIVCLIGKDCRNVTWANWITGNNCSWTKQTTTSFNNNTCNVTCLNTKKACETASYNPSCSDDNSNNVSNKMNTFEINGGSAACIKCGNPFQPAQTITLPAEITEKFNQNDTKTVIDAGAAASAMKDLSSMLSYMGNLTVASVSMGSVKGILKKIQSESEVTETAFIYSPATGVRLIDDPTVLKNYPNALIVPKEAAQQALNQSSNAFLGVFRFPNMSKDANNSDVLNNEVYAIEMGTKIKNLSNTINLSFNMSQSTSGTPTCYSWDGNGSKPDWTTEGCRTVVNGSGITCKCEHLTFFAVLMAPPDITLRESDLTALTYITYIGCGLSMFFLGVGLFMHFLMRKAKATNSVHVLINLFLALFMLNVAFLTNEYVVQAQNSILCRVMAAFLHYCLLSSFTWFAVEALHLCLQMTKTATLKHYLLKITVAGWAPPAFVVSVIFSLGKYGEDNIMTESRNVTMCWIVDSTVHYVVNIGYYCFVFTFTLGTFIVVVRWLSMLRMSKWSKDGKVKRSGTATSDISTMLGLCCLLGLTWGISFFSYGALRMPSYYIFTILNSLQGFFLFVYYLKTSTFFGDSAPSEKSEKTEVTDNPYEDAT	XP_021329059.2       -            793 FAMILYB1             -            457   7.2e-16   59.9  23.6   1   1   1.2e-17     2e-15   58.4  23.6   134   393   507   763   488   766 0.77 adhesion G protein-coupled receptor G3 [Danio rerio]
XP_073762558.1	1242	101883942	42	1	NC_133176.1	59084060	59105091	>Dre_XP_073762558.1_UNKNOWN MASSFHKSFLKAHAVTSFVLSVLASVTFTQDTTTVVNLADPCYNYTVLNDSWRSVNNTNNTNMCDQSVSWSGWYRLFINGLSAHIPDTCVAVARCGTSFPLWIRGGHPTVEDGVVTRDVCANWDNYCCFIGSIPTRVKACPGNYYVYELRSPIDCSLAYCADVGSVIISSTAATPVIITPDPCFNYTLLDDSWRANSSQPSKSVYMCDRSVSWSGWYRLLINGLNAEIPDTCVEKFSCGTHAPLWIRGGHPTVEDGVVTRDVCGHWDNYCCYYGSFPIRVKACPGNYYVYELLKPTTCNLAYCAVVTNITNSSTTAAPQTSSSAVTNITNTTTVAPQTTLPAVTDITNTTTTAAPHTTLPAIINIANTTTAAPQTILPAIININNTTTEAPQTTLRAVTDITNTTTTIAPQTSLPAPQTTLPAITNITNTTTTAAPQTTLPAVTNITNTTTAAPETTLSGVTNITNTTTVAPQTSLPAITNITNTTTTAAPQTTLPAVTNITNTTTAAPETTLSGVTNITNTTTVAPQTSLPAITNITNTTTTAAPQTTLPAVTNITNTTTAAPETTLSGVTNITNTTTVAPQTSLPAITNITNTTTTAAPQTTLPGVTNITNTTTVAPQTSLPAITNITNTASTAAPQTSLPAITNITNTASTAAPQTSLPAITNIANTSSTVAPQTSLPAITNIANTSSTVAPQTNLPAVTNITSSSTTVTPQTSLPASTPPKGCTSSRGCLENLLEQIENITAQELPLNIVTNILTKALNISDKISVSSSAVNSAELASYGDKVLKSSEKLISTLVKPTNSSANVSFTLEAVEGQIFMVGPQVTLDKIPQLKTRSCSMDIDLIGIAKNNNDRSAAVAFMSYTTMENLLKADFFNTPKNTIKTMMSTVISATLPKTSNTALTKPVNFTFRHIREFDPNGSLSCVYWNISEWIVDGCSVLNSNSSHTVCSCVHLSTFALIMQTSSSPPPSDLLELLGLVCVIVGLVFFGLALLSFALCQWSPGVNNVARINICISLLSAHLLLLLTQQFLSLIRPQQVLCVVIAGVLHFLFLSAFVWMFIEAVLLFICVKNLSQISSKKKEVLSSGFLCVIGYVVALVVVGVSILLVPEGYGSEHCWIKYDKGFNWSLLGPVCVIIALNMIFFIRISIGLNSALTKLNAEISQLKQTKVMVFKTLGQFVVLGCPWILGFFTNSSEVLEIVFLILNSQQGTFIFLIYCLLNNEIRQQYWKCFLSLCSGFKQH	XP_073762558.1       -           1242 FAMILYB1             -            457     1e-15   59.4  23.3   1   1   1.5e-17   2.4e-15   58.1  23.3   192   405  1025  1229   942  1237 0.76 uncharacterized protein isoform X1 [Danio rerio]
XP_073762753.1	852	137495330	21	1	NC_133176.1	59063102	59079376	>Dre_XP_073762753.1_UNKNOWN MACIILLKRFIKALSTVSVIMHVLTSTLLPVMSTAANLTDPCNSYTVLSESWRSVNNTSNANTCDASVSWSGWYQFLINGVSAHIPDTCVPVSACGTSFPLWIRGGHPTVQDGVVTRDVCGHAYSYCCYYGSYPIRVKACPGNVYIYELQQPIACNLAYCADVGSVTISSTAATPVIITPDPCYNYTVLDDPWRANSSQPSKPVTMCDQSVSWSGWYRLFINGLNAQIPDTCVQQLSCGTDYTLWIRGGHPTVADEMVTRDVCANAYSYCCYYGSFPIRIKACPGNYFVYELLRPTYCNLAYCTVVSNINITSISTTVTPQTTSSAVINITLQEGCSNQSSGCLQNLLEQIENITAQELPLNTVTDILTVVFNASEKISVSSSSASPAQLASYGTKVLKSSEKLISTLVKPTETSANVSFTLAAVEGQVFMVGPQVTLDKIPQLDTTNSSVDIDLIGIAKNNNDRSAAVAFMSYTTMENLLKADFFNTTNDTIKTMMSTVISATLPKTSNTALTKAVNFTFRHIREFEPSGSLSCVYWNISEWIVDGCSVLNSNSSHTVCSCVHLSTFALIMQTSSSPSPSDLLELLDLVCVIVGLVFFSLALLSFALCQWSPGVNNVARINICISLLSAHLLLLLTQQFLSLIRPQQVLCVVIAGLLHFLFLSAFVWMFIEAVLLFICVQNLSRISSKKKEVLSSGFLCVIGYVVAMVVVCVSIGLFPEGYGSEQCWMKTDKGFIWSFLGPVCVILALNLILFICICIGLKSALSKLNAEVSQMKQTKVMVFKTLGQFVVLGCPWILGFFSNSSEVLHIFYLVLNSQQGTFIFLIYCVLNNEIRQQYWRCFKCLCSGCKEN	XP_073762753.1       -            852 FAMILYB1             -            457   5.5e-15   57.0  28.9   1   1   6.3e-17   1.1e-14   56.0  28.9   139   407   582   841   543   847 0.76 adhesion G protein-coupled receptor L4-like isoform X1 [Danio rerio]
XP_073763562.1	547	101882566	15	7	NC_133182.1	70279004	70311942	>Dre_XP_073763562.1_UNKNOWN MKNMKILLLLIMIYEVDGQTLPTSQYQNPKTKTESDKNNVNDMMTKPGKYHLENFVKNLPSNSKNADCETMHRQEKCFLTTILNLTNKSQTYSFIGLEMAVFTMDRTHKPVWISAPNVPGQTKSIQTLVPAEIFQNVSQAQMNVGVVTYMSDQQFNPKNVSIMSKIIRIEVNGRVIANLTDPLKIYFPVNNYTNQSNLQYVYSCQYFDETGETGNDTWRTDGCNTTQLSDEIVECSCDHMTPFAVLLVEVGNNNIDASQWEILSYISYVGCSLSTLFSASAILSFILNKNVRTEVSSSIHVSLSAALFLLNSSFMLSEWVASLSMNGLCVFIAVTIHYSLLSSFTWMAIEAMHLYLLLARVFNIYIKYYMVKLSLIGWGVPAAVVGSLLSLQSHYSFYGNKEIKLSSSNLTNAFCWITEPLILYGVNLSYVSVVFLFNTVVLITVSRQIFKLKQVDSKNKFKSLKDAITVLGLMCLLGSSWGLVFLGSGYTNYPVLYLFCISNTLQGFFIFQWTCMTARPEKKKSTHVKSLSTDNSTTEKNKAIENT	XP_073763562.1       -            547 FAMILYB1             -            457   6.3e-13   50.2  16.0   1   1   3.8e-15   6.3e-13   50.2  16.0   131   389   253   510   202   539 0.79 adhesion G-protein coupled receptor G2 isoform X1 [Danio rerio]
XP_073789637.1	704	613165	11	20	NC_133195.1	38819790	38809585	>Dre_XP_073789637.1_UNKNOWN MGITCGTLNFTLYFSDTGLTLKSLVGILMAVLLTHCVLPISTDLKIDDSHTSLSKYLKDSVKVTNLRPNSASGANREDFALANTEAFQTLSKAGIPAAINAFSENEFSCKNETLGLGNENEFVTGPCETNWNGNIIYQCTSGKWTVFSRKCVLQIISDLKRKVEVLIVEQIPEFMAQLCIATMNNSQQITDSPLTVQTTVEMLVNIASVSQNIIISKSVMEDFLKTVDILVSNEATASWQSLTKENTSISLLSAVEDISNRLTEGSFTINQKYIELNRTVINNSYTGKSNLPNSATEILIPQILNPTSLTIIIFTTLNNILPTQDSANGIVKPDMRINGDLVVVKANQTLHSISFVFDTTDQSLGNPQCVFWNFNLSAWDSTGCEVKPGRNETGIITCECNHTASFSILMSPFSIDHIAFAYVTYIGVGISVACLILCLIIEAIVWKAVRRNDTSYMRHVSIVNIAISLLIADVCFIIGAAISKEQPTPADRCSSVVFFMHLFYLALFFWMLISALLLFYRVVMVLSQMSRAKMMVIAFLLGYGAPLLISVITVASTAGPQMYVSKQACWLNWNESRNLLAFVIPALTIVAINLVVFIVVLYKIFKRRAGAATQPDWKNALVVARCVAFFTPALACGITWGFGIGTTVSAGLFVHVVFALFNSLQGFFILVFGTLLDSKVREELARWFSLRNLNSSSCTRMIQR	XP_073789637.1       -            704 FAMILYB1             -            457   5.4e-13   50.4  19.2   1   1   5.9e-15   9.9e-13   49.5  19.2   138   417   417   697   383   703 0.75 adhesion G-protein coupled receptor F1 isoform X1 [Danio rerio]
XP_021333746.1	690	569655	17	1	NC_133176.1	59218329	59234848	>Dre_XP_021333746.1_UNKNOWN MGFCGGFIKVQTVLSIVLCIALEQLLPSASLTDPCNNYTVLNDSWRHIGNSQPPIMCDASVSWSGWYRLFINGLSAHIPDTCVEVYSCGTAAPLWISGGHPAVEDGVVTRNVCSHWCGDCCLNGSFSIQVKACPGNYSVYELISPLICSAYCADVHTTLEEACTDWTAKDCLVNILELIENITVQVLPLNTVTNYLDMVLEATEKFLVSSSSDSPAELASYGNRVLESTEKLISTLVKLTDTSANVSFTLENVEGHVFMVGPNVTLNEILQLNTTNSFMDIDLIGIAKNNKDTRSAAVAFMSYTIMENLLKADFFNTQKNTNKTMMSTVISATLPKTSNTALTKPVNFTFRHIREFDPSGSLSCVYWNISEWIVDGCSVLNSNSSHTVCSCVHLSTFALIMQTSSSPPPSDLLDLLNLVCVIVGLVFFSLALLSFALCQWSPGVNNVARINICISLLSAHLLLLLTQQFLSLIRPQQVLCVVIAGLLHFLFLSAFVWMFIEAVLLFICVKNLSQVSSRKKEVLSNGFLCVIGYVVALIGVSVSIGMVPEGYGSEQCWIKMDKGFFWSFLGPVCVILGLNVILFISISIYLNSALKKLNAEVSQLKQTKVMVFKTLGQFVILGCPWILGFFAHVNMVVEIVFIIINSQQGTFIFLIYCVLSTEIRQQYKKIFTCLCCGCKTNNVNTALKTR	XP_021333746.1       -            690 FAMILYB1             -            457   5.2e-13   50.4  25.7   1   1   4.6e-15   7.7e-13   49.9  25.7   144   406   416   669   375   682 0.77 adhesion G protein-coupled receptor E3 [Danio rerio]
XP_005166671.2	625	101882631	14	7	NC_133182.1	70320581	70349996	>Dre_XP_005166671.2_UNKNOWN MILFLFFVMPGLGFISGTQTEMGNVTLQNYQTVIHIDISLNSGHRITIEDGVNKLQCNYSSLTIPCYAECSHNNFVNKNLTDPQQSQIFVTDNYKNYTTIRFTIPDTTTNCTVVKCWPEEISNLLKTKESQMVFPKDVKNINNVKNMCGAVILNETVTDTYISAEKKAIDELINNTNSNQTTTYVTKDFSLTVVSMNTSTPDDFILIPVPDVLHYKDVALTWIPVDPFLNQSQSKIGVVTYDSYEHFKVKLVNKSITSTVIRIEAPGVDLSNLKHLLKIRFRYNDTVYRPNTTLSCEFYDEQGNKTWKPDGCSTNRISNDEVECYCDHATPFALLLVDLKISKSQWEILSYISYVGCCLSAFFSAVTVFSYIFISNARAEVSSSIHVSLSAALFVLNSSFMLSEWAATLSMNGLCVFIAVTIHYSLLSSFTWMAIEAMHLYLLLIRVFNIYIKHYMIKLSVIGWGVPAVVVGGLLSVHNIRPFYGTHEMTLTDTDRTNSICWIKENIILYGVTLSYFSIVFLFNLGILITVSRQILKLHRTSRKYEKMPVWKDAGTVLGLMCLLGTTWGLAFFTSGHTIYPILYLFCIFNSMQGFYIFVWMCATTMKNGRQSLQSKTKSTVDVSR	XP_005166671.2       -            625 FAMILYB1             -            457   1.1e-12   49.4  21.4   1   1   1.4e-14   2.4e-12   48.3  21.4   105   394   306   602   291   613 0.75 adhesion G-protein coupled receptor G5 isoform X1 [Danio rerio]
NP_001018317.1	648	324948	15	7	NC_133182.1	28742499	28710801	>Dre_NP_001018317.1_UNKNOWN MNQNPAKTARMWIIICLLFVLGQATDNDRDFKMCGKWLHGIAPQNLEYDLKTGCERIEISANESTLSIQGRITAKCTQSSSIQLDSNPHQNQSHFCVFWEPLLDLLIVEVNGKNHTLCKPNGLQGTCCTDLSQGVQDNAHMYGIVNGSVKGDIITGDLKGNYIFDGAHINCKEKFCDEARLKPRGANMIEEVVMRFNAKGRVDLPCAQGTVIEMDEEFTGHNFTVPAPRFVDANTIPSVYIPSSLRSVSRRKSKVVCTYYKNKTLFERGPSKSALLDDIVGLSVENETIRNLIEPVKIRFHHRPFAPDSSGRCVSWDTKQDNEVNWKDDGCDTVKINEEQTECHCNHLTYFAILVQVEQKSTVRHLKALTFITAVGCAVSLVSCLVLFYWLCKRRRGKKNQISLVHRGLVVAIFLLCLFFILTGILANVANETVCQLTGSLLHYGLLSTLCWMAMEVFHTFLLVRKVFNSPLPIWIFYLMGFGFPFLLVSILLSVGDIYGERKIKPSDDVNNPYRMCWMTEGDKSQLAHYIINIGLLAVVVSSGLVMLFLVVREIRNRPDWKKIHVAFLSIWGLTCLYGTTWALGFLDFGPFSEVTLFLFCIINSLQGFFLMLRYYALERMKKKDVSSSDGSSSGSSKQHMLQTNEKS	NP_001018317.1       -            648 FAMILYB1             -            457   5.1e-11   43.9  12.1   1   1   4.9e-13   8.2e-11   43.2  12.1   123   393   346   615   314   638 0.81 adhesion G-protein coupled receptor G1 precursor [Danio rerio]
NP_001029346.1	325	555274	4	23	NC_133198.1	25536567	25544840	>Dre_NP_001029346.1_UNKNOWN MAEVNQTEVYVYEQVVILTSCVLSFFGSLLIISTYVSWLDLRTTPRKLLVYLSVSDRLSALSYFYGVCQIFKSDSWDCIAQGAVSTFANTSSFFWTVAIAIYLYVFIVKSSQRQADNLVLYFHLISWGVPFAITVAALSLHKIGYDASEVSVGWCWVNIQAEDHVLWMLLTGKIWEFIAYVTLPVLYILIKIHIYRAHAALSEYRPILTSNPVSNSLSSIADRKLTLIPIIFIMLRVWSTVRFLLLLTSSPAGHNPVLVTLHGIGNTFQGAANCIMFVLFTPSIRSRLIALLLCRGQDRSWNSESASQNRTNDHTVSHREDNSEE	NP_001029346.1       -            325 FAMILYB1             -            457   1.6e-08   35.6   7.3   1   1   1.1e-10   1.9e-08   35.4   7.3   208   436    68   320    23   325 0.72 G-protein coupled receptor 157 [Danio rerio]
XP_073764639.1	646	563479	16	7	NC_133182.1	28762573	28742129	>Dre_XP_073764639.1_UNKNOWN MGYRSADLHQVIPNGDVMFMKQNLKAVRMLLISCLLLIVGLAATDNDRDFNMCGKWLHGIAPRNLEYDLKTGCERIEISANEITLSIQGRITAKCTQSSSIQLDSNPHQNQSHFCVFWEPLLDLLIVEVNGKNHTLCKPNGLQGTCCTDLYQGVQENAHMYGIVNGSVKGDVITGDLKRNYTFDGAQINCKEKFCDEASLKPRGANMIEEVVMRSNAKGRVDLPCAQGTVIEMNEEFTGHNFTVPAPRFVDANTIPSVYIPSSLKSVSRSRSIVVYIYYKNKTLFEIGSSDGALDEIVGLSVEDETIENLPEPVRIRFHHSALPSTLQCVSWDTRKDSVEKWRSEGCETVIINANKIECRCHHFAYITAQVVRATVRHQKALTIVTSAGCALSLVSCLVLFFWPYKRKGEKDPSLLVHRGLAVATFFLSLCLSYISRLANAENETVCKITGALLHYSLLSTLCWMTVEMFHIFSFIYCKFNSELFQWVFYLAGFGIPALLVGKLLCIGDIYGLRNIGNEDITSQYFMCWMLNSDRSRLAHYIINIGLFAVATSSGAVMLFLVAIKIHTRPEWRKNRMAFLSIWGLICLFGTTLGLGLFNFGPLSETMLFLFCIITSCQGFFHMLRYYILERTKKMCGLSSDEAVQC	XP_073764639.1       -            646 FAMILYB1             -            457   1.1e-05   26.3  19.2   1   1   1.2e-07   2.1e-05   25.4  18.9   130   393   371   626   343   632 0.74 adhesion G-protein coupled receptor G5 isoform X1 [Danio rerio]
XP_073793585.1	690	101882620	18	22	NC_133197.1	30474889	30454611	>Dre_XP_073793585.1_UNKNOWN MDYFLLLMFVPANFCPGQTFPTPNAFTFPKTVLGQFASSVEQCPSNTPNAGIPQASALCNIITRTFEPPNQVKCNLTLDSINADVPGANLNDKKVLASSTQILTSIPERLTSQNITNAVKITHFLLSNQQTTDQNDIVVSAVATVSQLLSTREEIFSSVSRSAVSLLTQTLQKISLSENSSPLLVQPNIAMQSLKGQTAIRHVQLTYFKGQSDNFLPDRIKLQTTQTEIFKDVIDLQMNIAFNQDFNKDIGFVLYDNDRFFQSNSFQPTLDTKRRVISASLPEITELDQIKFTFTESADSTMSLNDFACVFWSYSKNDWSPDGCFKTTGPSGQAECRCLPKTVKTNFAILMSFNINYQYSEALSWISIIGCALSVVGLSVTSVYQIITRKSRGTNPTLLVVNVCISMMVFYLLFIFGINNPVKHLTVAKSTQNIVPASDYHTYPDQGPCTVFTALLQFFLLATFTWNTLYGFNVFLLFKNQVSGTPTWFPKVALPVGWGLPAVIVGISLGSTYSVKEPLGYRQEEFCWLAALDHNLNFSMGKPMFWGLVLPLLLMLISNAAILLHFSHNICKTNPNLGRSRKTPLKNKILSSFSLAVMLGLSWSIGYILLIVRDSYLQFLLTVVFCVLNTTQGVQILILFTLRPVLKAHPAILAALRPSAISLHRRTFYLWKNKTPDSHESYISTVQSSV	XP_073793585.1       -            690 FAMILYB1             -            457   3.2e-05   24.8  13.3   1   1   1.9e-07   3.2e-05   24.8  13.3   133   393   355   640   324   643 0.76 adhesion G-protein coupled receptor G7 isoform X2 [Danio rerio]
NP_001305000.1	1367	560700	19	8	NC_133183.1	45050945	44918227	>Dre_NP_001305000.1_UNKNOWN MSGPCVRIPFWVRVFLLLLLYRIAAGCPELFSSGCSCTEDRSKAHPTPGTRRKVSCGGKELTETPEVSLLPNRTVSLNLSNNRIRMLKNGSFAGLSSLEKLDLRNNLISTIMPGAFLGLTALRKLDLSSNRIGCLTPEMFQGLTNLTKLNISGNIFSSLDPNVFMELHSLKLVNFHSEFLSCDCGLRWVPSFFRSGSARLGDETLCACPRRLQNKPLRLLRESDLSCEGPLELHTLSLLPSQRQVVFKGDRLPFHCTASLVDKITALHWRQNGQPVTSDPTKGIHLEESVQHDCTFITSELILSNVHVEASGEWECVVPTGRGNTSCSVEIVVLENSASFCPEQKVNNNRGEFRWPRTLAGITSYQHCLQLRYPSLTLGGGVEQKKASRNCDRSGRWEEADYSQCLYTNDITRILHTFILMPVNASNAVTLAHQVRSYTLEAAGFTDTVDVLYVAQMMHKFMDYVTELRELSEVLVEMGSNLMQVDDQILARAQREERACSSIVYTLETLAWPQLHSHAQDLSRNSRNIVMEAHLIRPAHFTGISCTVYQRREGAAGSQVHDGADLSLEQQLRFRCTTGTHNTSLNAFHLKNAVALATVSLPATLFPPNAPPDCKLQFVAFRNGRFFPFTSNFTGHSDLARRRGISTPVIYAGLDGCSMWNQSDPIIVSLRHTSPGHDPVAAHWNSQALGHHGSWSLDGCQLIHSDVSISTLRCSVLSNYAVLQEIPDFPGSPSVPVEVLHPVIYTCTAVLLLCLFTIIITYILHHSSIRITRKSWHTLLNTSFHVAMTSAVFAGGITLTGYPIVCQAVGIVLHYSSLSTLLWIGVSARVIYKEALLRTPQQLEGESAVQPTQRPMLRFYLIAGGVPLIICGITAAVNINNYGDNIPYCWLVWQPSFGAFYIPAGLIILVTWIYFLCTVFCLRQRNFQESKDLQCSASDPSNLPESQPALSGSTSLLSTDSGVSPVHAGTTVEDQYSLKVQCLALMATQFVFVGLWCCGAMAVWHVDRERKLFSCLYGGTATGLGIFLVLHYCFKRLDVQAAWLGCCPGYHRSQPMPAYSHPCTVTVGVQSASERGSQLFVACHPPTDPNHYSSSARSSSTQSGTASITVAPCKLTNLLQVSQDNANNASRAPAGTNTNTSTSTENNKPTNNLLPSLLPVQQPQRRKACSRTKGGNTQYHHRGDARSHYRLKALRAGGGGSMGALGPSGTEHSNIYHVHKHASSENGSLRNSHSEGQNGLLTNGRHRGEGLATSPSEGSDGGSSGSRKPFPLLPSVARRAAMQQNAQCRSASKDNLKLAAAAERESKRSSFPLNMSSNVTATASLSTVSAPNGTLKGSVVELDTSGTDQSQGSVGMKSRVWKSETTV	NP_001305000.1       -           1367 FAMILYB1             -            457   0.00088   20.0  11.5   1   2   0.00033     0.055   14.1   0.2    69   128   354   411   305   442 0.75 adhesion G protein-coupled receptor A2 precursor [Danio rerio]
NP_957116.2	412	393795	9	9	NC_133184.1	57325872	57360984	>Dre_NP_957116.2_UNKNOWN MASPRLETFCCPNRDGATELVVGFQPLFFGVMCVCSAALSSGLALLQILPKRRSFRPQAHSSRAASSSRILTIISVCDILGCTGIIIRSSLWIGLPNLVSEISDGNSSSVWPQVFCVGSAMWIQLFFSASFWWTFCYAVDVFLVVKRSAGISTIILYHMITWGLTLLLCVEGVAMLYYPSISSCENGLQHAIPHYVTTYAPMLLVLAVNPVLFTRTVSAVTSLLKGQQGIYTENERRLGSEIKIRFFKIMLVFFICWLPNIINESLLFYLEMQDDVKSSDLKNIRNAALITWFIMGILNPMQGFLNTLAFHGWTGLDLDFSRQRRRELPWDSASTSLAGGFTPVVGSSLIYQSHVQEIKKNLSANGGQQPSDAISVLSEDSESSTVEIHISSEQREFEELKRNGASWEISTG	NP_957116.2          -            412 FAMILYB1             -            457    0.0057   17.3   9.1   1   1     5e-05    0.0083   16.8   9.1   186   363    87   258    83   275 0.80 G-protein coupled receptor 143 [Danio rerio]
XP_021333741.2	355	100536910	6	1	NC_133176.1	59190906	59194722	>Dre_XP_021333741.2_UNKNOWN MALNTSAVVLPSTDSKELAANGNRVLQASVKLLSALVKPTETSDNVSFTLDTVEVKVFSIGPKFASEQFPQLDTKTASMDIDLIGIAKSNEEKGSAAVAFMSYTTMENLLKADFFNSQNNTNKTMMSTVISATLPKTTNTALTKPVNFTFRHIREFDPNGSLSCVYWNISEWIVDGCSVLNSNSSHTVCSCVHLSTFALIMQTSSSPPPSDLLDLLDLVCVIVGLVFFSLALLSFALCQWSPGVNNVARINICISLLSAHLLLLLTQQFLSLIRPQQVLCVAIAGLLHFLFLSAFVWMFIEAVLLFICVQNLSQVSSKKKEVLSSGFLCVIGYVLAMVVVCVSVGLVPEGYGSEQ	XP_021333741.2       -            355 FAMILYB1             -            457     0.027   15.1   8.7   1   1   0.00023     0.039   14.6   8.7   147   275   219   342   175   346 0.69 adhesion G protein-coupled receptor E3 [Danio rerio]
XP_009300028.1	6208	415105	91	5	NC_133180.1	52742837	53001759	>Dre_XP_009300028.1_UNKNOWN MPAVLALSGLLLMLLTVSVRSESAELRFQGQTQFVVNESSRAIVRLVVERVGDPINVTALVLLQGDDTGDFEATTAAAFLLSSESSKTIFIAVKDDDIPEADETFVFILRLQSSSNGVTVGTPNTATITILSNDNAFGIISFNSSSLITVEESKGRSQYVPLTLLREKGTYGTVTVNFEIFGGPNPASEDLSPDMGNITFPPGRSVVVFSIMIQDDKLPEDDEIFTVQLTEAAGGALLNPNRSSVQIKISRNDAPIRFSKSTLVVPENIGVISLTVTRGRTEDGLLIGSDDKTVSVAYAIITGNGAASATPLTDFVDLQTERMVVFLPGVHETDLRFSIRDDNIPEIAESFQVVLLEETLLGDAVLVTPSLTLVTIEPNDKPYGVLSISPSPIQPHIINEDLNLIYEGMIIVRNGGTHGAVSVQWNITRNSTDRSPVSADLNPAAGTLRFSEGQMSAVLPLNITQDSLPEEAEAFLLKLIPGSVQGGAEVDEPMEMVFFIQDSDDVYGRFGFHPRENQSIQSQPEGRFLSLSFLREGGTLGEVRLTLTALYIPARPLDPSRARDGVLNGTSVNTVLFSSGQSRAQLILPIRNDAFLQNGAHFRIQLDSVELVNITPPIPSVSPRFAGALNISLIITPDIANGEIGFTSNQTVVALEPEDSNSSLITLQLRRDGTDGQAVVFWSLRPTGENKEDVTKGDISPFTGSVTFLSGQSEAVINLTVLADNIPEINETIILTLDRTNVDNQILKPGFTSREIVILENDDPGGVFEFSPVSKGPWFINEGETVELRVIRAQGQLLNQLIRYTVIPSGTAQFYGATGILEFQPGEREVMVALVAKPDGIPELDETFSVVLSSYSTPASRLGNRREVNITVRKSDDPFGVIEFIQPGLDFTINESKALDVYSAYYPIGRSRGSFGNVSILWILEPTYSGDVKPVQGEIVFAEGEYQKNLTLSSVADEIPEKTENFTITLLNATGGARLGNILSARLSISANDDPIYFAEPVVQRVREGGVANFTILRAGLANFVTTVNYRFEYGDTSSEDFIPLSNDTMLVFHFGEWMKNISVAVVDDNIPETDEPFYIVLFNATGDAVVYGQITATVVIEANDDANGIFSLDSAQKPVEEGKTNNFYVLRDRGHFGNVTIYWQLFANDTPLEPYQEFVNTSGFITFRTGEKTKPIVLEAISDKLPEFNEFYELRLMNVSGGFPGEGGKLANRDLNASVLIPFNDDPFGVFAIAPDSLEREVAEDVLSVNDMTSVTSLTILRQQGTFGDVRVAWEILSGAFPCGLPPMEDLILMASFPSAVELQPHSRRRHAGTDALFFSGRPGAYGSISAVTTLQVPQILANFTLSVWLKPKPNTDGFVVSKGNGNGTVYYGVQVQTNDSHVTTMLHYTTIGSNSTQVARATANKFVEDAWVHFIIAVEDGIIEFYLDGSPIPGGIKSLKGEAIVNDAAPIRIGSNPDGEQRFTGLLQDVRLYSSCLNRSQIHELHNQPAKTDLHNVSGYLTYRQEEKEKSFLVEVRDDQEAEGEEVFYLQLVAVQGGARLPMPRPTAILKVMKSDNANGLFSFTGACIPDIAEEGSMISCVVERTRGALDYVYVNYTVTQLDSPADLSNASDFANATGFILFQPGQLSEVLNLLVVNDDLPEVDEHFRVRLVSAKSGDGKPGSTPTSGASIDPEKAVNNITVKASDHPYGLLQFQTTPVPVGMIRPALEEARVTVQEEAGVVRLLVARAQGLLGRVMVGYRTSPFTAAGSEDYEDTEGFLDFLPGERFKYINVTIIDNSVPELDKVFRVELYNPNGGVDPYFASEGSGSGESETDFFLPSFHYHHANLGAAARIIVTIAASDEAHGVFQFGADSLIVNGTEPEEGRSTVVLQVIRTFGALSNVTVYWEADAASEGELVYRSGNVSFEVGQTVRSIYLLISQDDVPELDKTFKVRLTNASHGRLGKETTATLTVLASDDPYGLFVFSDNTRPVHVAEANALVALTIQRRKGLMGRVRVAYRTLRDTDTAPYSTPGVGRASEGNDFIAVVDSVIFSANQSEVNVTLRVLDDNEPERAESVFLELVSVTLIEGLQPRPVALSPRLGPRNVTIAQVIIEASDDAFGVLQLSSSAVSVPEYYTGPIINVTRIGGIFADVSVKFRAVPLTARVGEDYSVASSDVVLLEGESSKPVPILIINDVVPELDETFRIELLNQTTGGALLGDLTQAIITILPSDDPFGLFVFQAAPITIEEPALTAFEVSLPIVRNAGTMGDVAVQWRATVNGRPATGDLRPVSGEVMFSPGETLKTLKVEVLPDDVPEIEEIIKVELVSATSGGNIGLEKVVDIIVPANDNPHGTVYFEQAVYRVQEPLEGIYIANVTIRRSGGNFGMLEIVYSTLEVDIVSNALKEGRNFLVYYDSRLAGVPSNAIRRPINITTNTNVLNFCAAFCLRERACQAFSFTNTTTPSCFWVTSGVSQLSPSPQTFTYLKNTTATASLFSSQAVAGSDFITMTAQTTTMLDGSGVANLTVPILTDSLPEMDESFIIKILKVSLVNVTATARNLPTIRQPDTALVTIGMNGDAFGIFLLYSINPNATQEGLYLEVREEPKTTVLLVIERRGGSMGQVTVEWKYVGGSATPNADFNGTGETLIFAEGDVKKTLEFIITDDTEPENNETLQIGLVSTEGGSRILPSSDTVTILILANDNAAGVVGFHTASRSRIVREGESVTLLVERTAPAIGNVTVDWRIEGPLVPTTFADTSGTLFFSEGILNNTIVLKLLEDTTPEDREEYRVILSNIQTTGVTKTGIAALSAQGREAVVSVEASDEPFGLLSIAPSSLQVTTDEKNTTIRIYINREFGASGAVNISYETVRGSLQDLRQTEGALAQPGQDFRYVSSSVIMQDGQTSVSIPITIIDDDIPELQEFFLVNITSAVLITTLPTAPKLKIYYTLKDTEGLVAEIIINANDGIRGIIGWQNIDYVVNETIGVLTLVAYRDAGTYGNVSLFFYAQNLEAQLGLDFNATPSMIYFVDGERHKFIEVQILDDAVPEGDETFQLILANPSAGLQLGENTTATVMILANDDGHGIISFNNSEHFLLREPTSVSGLGTSVATLYIIRDPPQGTFGTVTVQFTITDVNGSLNTDDLTPSSGFVVLEDGVRYKTLEIWAVLDAEPEMNETFTVTLSNPTGGARLGVSLQTFITVLENQAPLGLFRISPSINRTLDTMTVEEHMGTVFLTVSRSNGLESAVSVEWETRSGTAFGMRGEQPVLAVYQSIRDSFASVWCSVPSEDAALVLRLIRGLTQNQTVLYKWQGVFVPVEFVSIQNPKSCVGFTVNGSSYVAVSHADNTVSLTTNISLFRVQADLNLTLEQTFTVSGFSVKHFSTDLKQYLIASSEIFVWNRGSFFLHQSLELQDIIAAVPFRRGSSNVQHLAVCRNRTSAACFIYQWTDGRFQSPQPLALNTQVKQVESHQMGGDTFLFIVTEGLNPACEVFLWGSQQTVFQQTQSILVPGLFSVHPFTTPSGISHLLLAGVNGSALYSWRSELRQFAEMLKSPSAQEFLYLPVPSINSTKSLILASGKSSSLVYELTSVSNQSDFIPSSGELFFQPGVQELEIAVNVIDDDVPEEEEHFRVSLKNPKGGAEIGFRGQVTFFIPANDDTYGIIGFSQNSLMREVEELQSDNPVSLSIERRRGRFGRLTVHWSAYGSLDDIFPTSGVVTFSESQAVATISLNVLADDIPELAEKVTIVLTKVTTIGIIDPSRGASIDYQRAQANLTIRANGSPYGVIGWHLDSQYFITPEPQKSPSNITLSIVRDQGSSGNVLVYYSTKPALHLLPLNQASGGTDYVAKEATVVMMENATVVLVFLTILPDDIPELAETFLVNITRVEVLGGDTGAAQPSVKRPGLEIAEVTIQENDDPRGVLSFNVSKDVSGAVLAYEVPSPGNFLRLAVMRMAGIFGRLVLYWETQSVTASTEDFTPSSGNITFQDGQAMAYIEITIIDDTIVESTETFMVKLIRVIGGARLGVETSVVVSIPANDSPFGRFGFEELKVSVSEPQFLNDPASVATLTVVRSSGGEGVVHLIWLLQEEGRDDLSPHNGTLIFNGTESKKTLVIQALADAVLEGEESFTIQLLSPKNEPVIDPVRGVATVVIRPDVGALGTVGIADSSRNVLIGEPIGSYNGTALISLIRGPGIFGEIEIFWNITTAAVSEFEETSGKVVMKDRQSAATIQLKALDDEIPEERRVYQLRLSSLTPGSVINPDRQFASITMAASDLPHGLFSFSQASLRATEEDRAVNVTIVRSMGLFGSVWVSFHTEGRTAISGQDFGQSSGRLLFRPGESSRVIPLIIFDDDLPEGPEEFFLNITLVELLNASSMDFTVREYGLQIDQPPAIGNLSSLMVIIQKNDNAEGILEFDPKYVNNTVEEDVGTLSIPVLRRVGSYGQVTVQFVSKGLTAQPDSDYILLNGSITFQHGQTLSYINVSIVDDTESEFNEIFELQLTGATGGAILGAQLIARITIAKSDSPNGVVRFINQSAITIPNPNSTVRLSLFAERADGLLGDATVMWQIQGPNSNEVLPSMNTDIEPVNGTFSFRDGEGGVRSIELNILPHGEVEVTEKFIIMLSVISGEMGVDPRAGSVTLTIEKFGDPNGIVQFTEQDLKERIYSEPSDSEGPLKVSVLVTRREGVMGNITVFWQILSDADTSGDFAALRGSVIILAGQRLAEIILTLLPDSVPELEETYTLRLTSVEGGAELDLNRSITRLKVRANDEPHGVFVMYSQNQSVVVNAADRSRQLIISVNRLAGAFGNASVGYRISFTTPGQSFTEDTITGNILVKDGEHEASIRVPVSSQVFFVTGFNFSVELTDVTLIGPLLGSPPRIQLESKLAVVSVPEVAANPVVGFASLALRVLDIESGQCEALVTRTGLYGNITVRWSSGFPPGQTPPGYQPGEILPRSGSIMLAHGQRSELISFTALNNISVVTAHAIYLTSVESESPGGARLRTGYTVAEVEPLGLYQFHPNSQHLVIEEDVQTITLYVQRFYGFRSNRSSVSYRTWPGTAQPDKDYVPVTDGQLLFDSRQTSASIRLSILDDTLTEPDEDFYVNLTSVRVLSTTLPLITAQPEIVQKNSISTVTIRANDVVSGFLSIGPAVKLISEDSLEDSPQQKLQLRVRRTAGLSGVVSAKIRAYAGLKTPLVDASQFHREHNGTWALEGEDFALETQSVTLLEGQNEVEVTVIILNDQEPEGQEAFFIYLSDAEGGAQIVSVPDELGFTSFAKIIILGSDLQNGIVGFSLSSLSGQVLDEDSVNRTVTLVLQRQENRAFEDVLVFWRVTFSTTDHALVSHGVDLSKELLQTSGTSICRKGEVLCALKLEVQPDKNPEYEVWFLVEVYKVGEGAAINQTARFANITMLESDDPRGLVYFAQGSRLPVVTLKATSVSLQIYRDASTASSISVKYRMQELPKVESIGPSLVWPAVAGQDFVMSEGTLTFEIGQSSAGLNIDLTPNIGSSNLTPKRFQVVLSDATGGARVHPEFGLANVTLVSDTETQAVWALLDQLHQPLEETIINRVLHALINKVSRDITPEQLMAVLDASSKILSNAEQTPLKDSSRGLTYELLCAMANPNRTDTQGVSQLSEVAERFAYSLLTDIKCGAEGKRGITILDNCPYFTIAAHHWYPMQINGHTFIGKNTDTFTLPETLLEVLALPADSTAPSACYKVHFTEYSTEHWFLTNKKPSALNGKVFSVSLYGRGSKPLSEGQEVVYRIHTPDRRGKPKPSQSLCLLWNQAAESWLSDGQFCRLVDDTQNYVECACSHLSIYTAYAEIESLASFNEAFYAAGFICISGFALAMVSHLMCARFLMFAAKLLTHMMVACLGTQICFLVSAFRGRMFSEDSCAALGLFFHYFHLSQFSWMLVQAINFWQILVMNDEHTERRYLLYFLLSWGLPALVIIVLVVVLLGGFGWSIHSVYGLVQGDLCFIPNVYAALCTAALVPLICLVGVLVIFIHAYQVTQQWKAYDDIYRGRTNSSEVPMMLYLFALVTLVCVWAGLHMAYRYIWMLILLVIFNIFLGLYVFSVYFVMHNQLFWPGKATYTVEMNGHSSPDSIYQSTGAATVGGGEISKSTQNLISAMEEISADWERASLRPSSQPSSIFKPSPQDEAYITEGGFINTSLVQDEESQEFDDLIFALKTGSGLNVSDNESIHGSHDGGSMANSQIVELRRIPIADTHL	XP_009300028.1       -           6208 FAMILYB1             -            457     0.038   14.6  27.0   1   1   0.00035     0.059   14.0  27.0   155   394  5818  6057  5770  6064 0.67 adhesion G-protein coupled receptor V1 isoform X1 [Danio rerio]
XP_073809793.1	790	100005567	20	6	NC_133181.1	11739124	11040432	>Dre_XP_073809793.1_UNKNOWN MEGLYVSIHGLNVTHSPLGAPAMSIDKLFPALLECFGIILCGYAAGRSGIISAAQVNGLGSFVSCFALPALLFKNMVQLQFQHVVWSFLWSVLIAKVCVFTLVCVLTLLVADPESKYSKAGLFAIFATQSNDFALGYPIVDALYRNSHSEYEQYIYLVAPVSLMLLNPVGFALCEIQRWRHSSDPNYSKLHVIFTVTLQVLKNPIVFMVMVGIVSHFVFGGRVPVLLGEFVDGLADSFGGAALFYLGLNMVGQMSKLTRSTGVSLILLITAKLLVMPLMCRDMVELLDAGNSSSANHSSLSDYAFLYGVFPTAPSVAIYAAQYNMELEVVTSGMVISTFLSAPIMYVSAWLLTIPWMEASFLVKELQDVSFNISIVCLIALVWTLAVMLLSKKFRRMPHMFATNLFLAQLLACMSMLFWKFVLKQGSVFGQILTFTLLYGSLYSTYVWTGLLAFSLTLLGRNENLKVKPIVFIIFGWGIPFLTVGGLLMIGQRMSDSLDPAFFYGSGQIVSTVVVLGFSIVLGGLSLMGLSRGAQEEQSYQALDQNSITGASENSRHLQTENQNSSDVDQTHTNTDVCCSEPMPDMIAGHLNDSPVPSAGIVLGESSSSLRVQEERQIARHVLLCLLLIVSMLANLSSCLWWLFSADPGRLYLELQFFCAVANYGQGFVSFGIFGLDEHLIILPFRKRLAALCGFSQEENLEPSAVPEEIRLTCTQFVRYHKDQCVQDIVRNRGMRAPIAYGPTFVDYSGLLTCDKNMFVRNIFTQELFVSGNVEIQICCTSPCKKDSWC	XP_073809793.1       -            790 FAMILYB1             -            457      0.21   12.2  10.9   1   1    0.0031      0.53   10.9  10.9   138   273   363   484   355   494 0.83 lysosomal cholesterol signaling protein isoform X1 [Danio rerio]
XP_073783846.1	93	100535468	8	17	NC_133192.1	48829290	48836563	>Dre_XP_073783846.1_UNKNOWN MSINHMKQCINSEKLFDFLKDVADQTSTSSTSETCKTKGKWQSHSRRRWQNVSIKARSPEREETPQKTASDLVINTDSSSESELFICLETHSP	XP_073783846.1       -             93 FAMILYB1             -            457       0.3   11.7   0.2   1   1    0.0018       0.3   11.7   0.2    91   141    26    72    10    88 0.73 uncharacterized protein isoform X4 [Danio rerio]
XP_005172576.1	814	100535239	16	9	NC_133184.1	2535214	2572021	>Dre_XP_005172576.1_UNKNOWN MEDLLGNVSVSSRDESGAPTVPPSMSIDKLLPALLECFGIILCGYVAGRTNIILATQAKGLGSFVSKFALPALLFKNMVLLDFGDVIWPFFFSILVAKVTVFFFVCVLTLLVGNRESRYSKAGLFPIFATQSNDFALGFPIVEALYRSTHPEYLQYIYLVAPVSLMVLNPLGFMFCEVQRRKNGEPSQQSKLHVLGLVVLQVFKNPIVFMVMIGLVSHFLLCQKIPAFMEQFVDGLANSFGGAALFYLGLSMVGQLKKLTRTTVVALILLITAKLLMMPLICRGMVEVLDNTNRSTLNHTSLSNYAFLYGVFPTAPSVAIYAAHYNMELEVVTSGMVVSTFLSAPIMYVSAWLLTIPWMDSAPLASALQNVSFDISIISLFALVWSLTVMILSRKYHRIPHIFTINLFVAQLLVCVGMIVWNFVVKQDSFVAQVLSFTLLYGSLYSTYIWPGLIVLSLLLMRSEEVNFRPGLTVITGWGLPFLAVSVLLLSGHRMPDTIDSAFFYGTTQVMCTSVVLCVSIAVCGVSLALLSRRTQDYQNLVSGSLSGSEEDLRIPYNAPVQGSIEDTCTLGSTNTACQMCECACALPQTRPDVTNTKEEVSIQTGQCGQECTSTHCLLVEEEEKETERQNTDIQSTRHVLMCLILTVTSLANLCSCLWWLFNKDPGRLYLELQFFCVVANYGQGLISFAFFGLDKHLIISPFKKRLESVWQWWAQLVSGSEVSEEIRLTCNQFLKYHKKQCIKDIVHKKRCGEKSSIQAFLGTDMVVWLQSVGLASDQGEAVLYGSRLLDGGVIQHITQQHAFEDQTLHYRFT	XP_005172576.1       -            814 FAMILYB1             -            457       0.8   10.3  14.3   1   1   0.00069      0.12   13.0   8.7   140   274   367   486   359   493 0.76 lysosomal cholesterol signaling protein [Danio rerio]
